target,knn,regresi_linier
22.390972657504488,21.969208186449247,22.491309590391115
22.05826690367876,21.62784033967493,21.838915013028277
20.45538639179081,20.31305818427662,20.45051405787632
21.31105250184853,21.394825934447653,20.979774029899158
22.08424239008201,22.082794600968246,22.17622209122463
21.655429917976857,21.603925287683342,21.221982184353454
19.568083196789907,19.670356381585727,19.906922852002047
21.10852823773705,21.509687941614587,21.27756276264013
20.905587393740365,20.881170868098692,20.76558770043398
21.31105250184853,21.171299018368096,21.02065307888611
21.78797657393884,21.65034877687813,21.581521627266547
21.059738073567623,20.98869940671547,20.644502046807027
19.92475814072864,19.84386519542431,19.983141300700666
21.33845147603665,21.504636021191075,21.029164826091325
22.158350362235733,21.865997001281347,21.602679507631862
22.50665705650395,21.737370596080158,21.804268410797402
21.41641301750636,21.50158375813426,22.03278470981368
20.985630101413904,20.51638485138482,20.640260539585533
22.50665705650395,22.22583092842091,22.40515362763485
20.671972542558866,20.952364603848228,21.09644350025977
20.72126383427574,20.872919265311893,20.791719635166324
21.2240411248589,21.24908697458163,21.177739822358358
21.35984266601796,21.466201830025213,21.05579650858687
21.11530792472244,21.090960563348247,20.780879225822442
21.40636268165285,21.083188715310243,20.96907684530785
20.26123037734985,20.37511955881852,20.434686684648224
22.291881754860256,21.874866330840725,22.36686096294997
21.46520318167579,21.373743817180173,21.21306019426886
22.50665705650395,21.890044123975485,22.53257142542414
20.70306312962889,21.03749613376331,21.181099262832976
20.209101311914907,19.80910624504282,19.99189989331574
21.716517609956693,21.262982817708927,21.214581741916597
20.401682212818947,20.50399619439924,20.405564097368153
19.568083196789907,19.590102191474504,19.828718261734092
22.0765203439881,21.64784004930298,21.311608959491195
21.80507100729814,21.58446203875976,22.108425863239745
22.50665705650395,22.048540282634114,22.47590647690209
19.92475814072864,19.652282160840038,19.869896484231756
21.31105250184853,21.818150861608718,21.780849438567504
21.36511972311881,21.3750482746404,21.236783712789574
20.905587393740365,20.97898883360732,20.666864898586237
21.59873457430032,21.55963925341608,21.19302112466795
22.50665705650395,22.220850018736495,22.633710610516093
22.227343233722685,22.20316375039495,22.139387788828838
20.615680626266474,20.379179455950492,20.385437674035277
21.12873094505457,21.18815597445911,21.20189136935877
21.55617495988152,21.342674527816868,21.177868584648323
21.85466794843752,21.885977149955945,21.845470068015658
20.560746907448635,22.206656809455204,22.326041139294382
21.12873094505457,21.131557302337836,20.881092281777974
21.41641301750636,21.357511571508443,21.33238141712641
20.94640938826062,21.30914309091361,21.089737042509817
22.50665705650395,22.255091756425415,22.389000362802726
20.617905321288585,20.825690365586848,20.94616665540711
20.45538639179081,20.330804937027924,20.457056580393694
20.589734444321888,20.651553401299648,20.691906499361714
20.069339369539748,19.96585869241157,20.089766787452476
21.51172319731068,21.526872713433914,21.737503795149166
20.125428836190792,20.622833405694543,20.485220593503932
20.069339369539748,20.31042257437734,20.116631812234797
19.568083196789907,20.450923789302895,20.225453516368628
20.818576016750736,20.391881474360627,20.479333038221693
20.363729660726648,20.03187960360057,20.242528209119982
22.50665705650395,22.090678959371264,22.17867737898678
21.12873094505457,21.566615954004337,21.35005617038309
21.193269466192145,21.38702613939176,21.395517908333346
21.391095209522067,21.529202269941877,21.407537295860486
20.818576016750736,20.31219030946139,20.726257562386753
20.560746907448635,20.05460754551166,20.13739259322739
19.60547072886153,19.817670272873396,19.910830530016753
21.41641301750636,21.780272786823573,21.45687594715739
21.059738073567623,21.536864789531336,21.408300625643975
19.568083196789907,22.323775409294303,22.576456797389827
20.683484966934568,20.96584208395627,20.729185049723892
20.94640938826062,21.362402419895293,21.304639404881385
20.905587393740365,20.65122991566196,20.599810461512032
20.560746907448635,20.840652549291285,20.79222024483447
22.33270374938051,21.362599662038548,21.77501549262592
20.818576016750736,21.15393031202513,21.077673709581408
21.391095209522067,21.572053105778732,21.45010658080381
20.518698671205136,20.15225892946337,20.186756646616644
20.17853866150474,20.37118995598348,20.369035586646866
20.468373587317625,20.44598258256949,20.633717110472965
21.41641301750636,21.17827249597804,21.306938994657862
20.818576016750736,21.06947297568428,20.967620329402475
19.95107544904601,21.00813586683703,20.858955444347124
20.13447867171071,20.38965137505273,20.195939096400593
21.282881624881835,21.61841360855862,21.678035786035096
20.35075182897793,20.440229379855836,20.60280759832987
21.265590127771773,20.624264565840463,20.508379336028003
21.41641301750636,21.654107506524706,21.755095126917094
20.169880598761623,20.604541666496498,20.642366029828608
20.71321550109291,20.745131004356104,20.844212792747705
19.568083196789907,19.9988025079613,20.161508575667902
21.52526742241844,21.609246803743584,21.750696370537078
20.5001222856322,20.283748773572547,20.37066158632271
20.63988422800736,20.876714692478064,20.933568463447255
20.21244021318042,20.987428588783814,20.807392582436144
20.985630101413904,21.122594332042205,21.04466498544002
21.57768116510248,21.378567540431447,21.27768299521158
21.55617495988152,21.209687246295502,21.398209751963808
20.36659089300768,20.43039050519655,20.772292414316983
20.44355193414381,20.317867485380457,20.22675536777536
21.709082631469176,21.093899467309107,20.93765427612073
20.880269585756075,20.674165793203162,20.6854958694571
20.589734444321888,21.252457836269773,20.88172637481274
21.299879201250405,21.295856097752313,21.001967199068464
19.95754796355163,20.386046559876874,20.311175739873104
21.31105250184853,21.36739823010963,21.02502269049011
21.82187812561452,21.87839858889516,21.834411415037103
19.67344371244773,19.963131590916262,20.013134253457345
22.390972657504488,21.859859837798226,21.871664239102216
19.67344371244773,19.881433697832357,19.88198988607112
21.82187812561452,21.448201402271884,21.43917734564157
20.352202155555577,20.36865189879343,20.214071754106836
20.29248292085396,20.09818072312313,20.12280206559376
22.371924462533794,22.27401714463349,22.59899358477716
21.54744127991276,21.342674527816868,21.177868584648323
21.12873094505457,21.28465200908121,21.06104704586961
20.43558376449463,20.362410809659398,20.47163020718716
19.568083196789907,19.590102191474504,19.828718261734092
20.905587393740365,21.662746723218216,21.45588811203545
20.16114691879287,20.076927844893206,20.05230714924805
21.1419761718046,20.759721705528158,20.82916268773349
21.51172319731068,21.313821899766157,21.04850015624424
20.61456642002307,20.574034598330158,20.64588629763417
20.692806629461703,20.836225699849635,20.808164736240826
22.18188085964593,22.023472627274565,21.605718286964464
20.560746907448635,20.429495842928617,20.497176636779365
21.716517609956693,21.6027374771369,21.24914810959516
19.67344371244773,19.57492296267873,19.804787278008078
20.45538639179081,20.503224895200418,20.563163821056676
20.33022324883681,20.426412139995595,20.664495869812104
20.33022324883681,20.196856035189043,20.19664125522011
19.78677239775473,19.87951268868258,19.852953215376772
21.299879201250405,21.25459152407448,21.07873494108416
21.12873094505457,21.49076561406309,21.367758610643406
20.671972542558866,20.622833405694543,20.49992860495363
21.12873094505457,20.42997538087995,20.610039701856852
20.671972542558866,20.988897390868868,20.562016305137973
20.315297598620127,20.80308350923308,20.667313283732323
21.35453761378827,20.97756238965947,20.76226636779186
22.50665705650395,22.23544543277653,22.349375286934105
21.639556568820566,22.196310418143973,21.801045986198762
21.51172319731068,21.477965202081272,21.12632506419628
20.487543503425343,20.667587501200206,20.302657855958564
21.639556568820566,21.798269117118174,21.98314083616147
21.391095209522067,21.64016249744134,21.73473430650068
21.57768116510248,21.192973817534707,21.21755075040057
21.59455920288983,20.858695556125816,20.616341135560827
20.33022324883681,20.00161428200139,20.08141677559976
20.14166003111937,20.014258717281805,20.031562218339527
21.639556568820566,21.493403124816183,21.57015858251352
20.41538105717711,20.40390645476946,20.4836699234731
21.299879201250405,21.426256924575853,21.42925733655698
20.612334276239128,20.449688457476842,20.39817094451469
20.468373587317625,20.7848376984601,20.745029059204683
21.02337042939675,21.11348481329792,21.122179403568992
20.905587393740365,20.91185682004115,20.71201150547576
20.53089394429896,20.73459329599754,20.793900696456383
20.030118656386467,20.121190464360836,20.15772520036571
20.125428836190792,20.323571118333543,20.14783060284442
20.818576016750736,21.248502998601165,21.029807827773475
20.60673202069046,20.321377774513415,20.15311272693948
20.671972542558866,21.278637639262257,21.24833824823475
20.43558376449463,20.50038999654364,20.48158768767778
21.59873457430032,21.202846075517122,20.924033404277704
20.17853866150474,20.486690199089487,20.61120700939766
21.305481456799075,21.950101204589878,22.07718204648061
19.67344371244773,19.913384962198357,20.01293235529875
20.44882899124465,20.87952710138911,20.699407364884557
19.69324633974391,19.778350073927093,19.953243277401185
19.568083196789907,19.82247357161922,19.93148516100559
21.2479943658814,21.510214108129762,21.108659368252987
19.96824325266838,20.926729397773858,20.74307743451255
22.227343233722685,22.066219107799892,21.825936827188528
22.227343233722685,22.066779706963178,22.427870362469033
19.568083196789907,19.82247357161922,19.93148516100559
21.917188305418847,22.223707508301004,22.185300152172267
20.560746907448635,20.714265713811745,20.659184835651356
20.985630101413904,20.963734670367835,20.910321631067116
22.50665705650395,22.09327495364809,22.43586498797376
20.030118656386467,20.76237591716935,20.593347848556927
21.639556568820566,21.367661504058105,21.3743909042162
20.41538105717711,20.34079449601932,20.559136922630266
21.391095209522067,20.819595786014226,20.89664516030245
21.253894088008582,21.185667257018995,20.95759340908726
21.305481456799075,21.291187831701123,21.09004914715222
20.5001222856322,20.835512236869192,20.704765695594055
19.96824325266838,19.895845539361712,20.096853729779227
20.12360899947381,20.160625177337053,20.0470764243912
19.819397625070813,20.488515729513736,20.79063419494308
19.568083196789907,19.579789920751885,19.844468620432316
20.147012407857964,20.10099762634054,20.36279056070192
20.06741444113016,20.198691589120905,20.110072352721996
21.97602880544178,21.68546471533585,21.817570484403966
20.818576016750736,21.1889792548363,21.13128607938081
21.193269466192145,21.3583301942472,21.363632355086605
22.50665705650395,21.827316409450823,22.136653785778456
21.31105250184853,20.983635161610426,21.02479643593695
21.391095209522067,22.091040312679212,22.223625490995584
21.77058483122697,21.40385197226809,20.94284069123723
22.10705706784818,22.248810562318145,22.298172886177188
21.299879201250405,21.264996852448455,21.110740588580747
19.568083196789907,19.845769614379382,19.84886537302834
20.24845065070345,20.070712123331038,20.20138105666024
22.17018481988273,21.644191804682745,21.534183280388646
21.253894088008582,21.249642402959797,20.86764125047105
20.985630101413904,21.45471745675507,21.389016846431566
21.02337042939675,20.90523868150807,20.763203180405867
19.93360775600562,20.111921762791077,20.100101772017506
22.50665705650395,22.09327495364809,22.5601460293579
22.05826690367876,22.2542316916703,22.298484737229725
20.352202155555577,20.667587501200206,20.302657855958564
21.917188305418847,21.643515739481586,21.805604469054554
20.020068320532964,20.126389668019826,20.058961268983563
21.12204195690378,21.210684184831386,21.137221949841763
19.568083196789907,19.616642547611143,19.900825656525456
22.00419968240848,21.697505995434252,21.589807471508475
21.51172319731068,21.4887741237383,21.236784344640498
20.3449293962265,20.302099219036062,20.471420757410247
19.568083196789907,19.590102191474504,19.828718261734092
21.12873094505457,21.25421650429719,21.27725759315356
20.617905321288585,20.459913079166885,20.730749840473912
20.601098202972203,20.607729826813724,21.00799149773435
20.125428836190792,20.810631085888804,20.62666824178649
21.59873457430032,21.53091217983757,21.189546309711815
20.617905321288585,21.059749688994795,20.93823576085388
21.639556568820566,20.490583647751727,20.643258608916895
21.57768116510248,21.356581543700642,21.283991923863702
21.305481456799075,21.210684184831386,21.07740736418644
21.573416766316026,21.525666775828242,21.178529704415233
22.270828345662423,21.69435790596403,21.775553806820692
19.568083196789907,19.670356381585727,19.89652460568738
19.98929666186621,19.926091633352627,20.107910921338267
20.94640938826062,20.814119829231203,20.928999968518117
20.17853866150474,19.926274865828415,19.93289241256255
21.12873094505457,21.35907344266748,21.388153514349728
19.568083196789907,20.496953631281194,20.453627936649923
20.985630101413904,21.21206670862052,21.012728598739958
21.12873094505457,21.219161997083347,21.4171061147631
20.18712240519613,20.0496767053371,20.088434002385256
20.43558376449463,20.5766960596851,20.700716033135418
22.227343233722685,22.020099597545496,21.90640896169402
20.56309708479359,21.23165462175357,21.153061664183085
19.568083196789907,19.586629686640713,19.820976345249267
20.5001222856322,20.916852168317362,20.89603285062212
22.08424239008201,22.160312363638067,22.389341218247754
21.2240411248589,21.300236757472252,21.08153617813577
20.125428836190792,20.49410440193382,20.480370810933138
20.21244021318042,20.37597365748318,20.459933012696897
20.589734444321888,20.36851082603195,20.292861165738966
21.41140047568281,21.2513461724193,21.026132216138926
21.51172319731068,21.196866928403097,21.080009134299193
19.7943963228654,19.777488365732992,19.99339757807677
22.50665705650395,22.192337270265284,22.334276799613303
19.568083196789907,19.590102191474504,19.828718261734092
20.428894776343835,20.53888627028686,20.521100186500107
22.50665705650395,21.763394840747722,22.42219884955872
22.50665705650395,22.323775409294303,22.576456797389827
20.60673202069046,21.16108462645806,20.790901700066417
20.53089394429896,20.556574939772034,20.821435869917444
21.639556568820566,22.158584583081662,22.638529599455275
20.617905321288585,21.68935197767861,21.3266370666496
20.601098202972203,20.806238391591215,20.77565408973677
22.50665705650395,21.904192768300362,22.23497582989763
20.33022324883681,20.311561551617036,20.513937398996426
21.639556568820566,21.65373375405049,21.573728006716482
20.14344734169347,20.39153922512333,20.312657733962027
20.313792707440708,21.480356790662384,20.934551492223417
20.5001222856322,20.323614022673944,20.158654388527445
21.51172319731068,21.426127317688728,21.46929346193704
21.10852823773705,21.21299564345692,21.055961829252205
21.50716738077482,21.53698073594427,21.137455028460693
21.09482939337889,20.748323596313142,20.592137913363537
20.43558376449463,20.224603426933715,20.21589310730568
22.42801392918484,22.017934675669494,22.238790629780727
20.169880598761623,20.51764177648747,20.57320073726268
21.193269466192145,20.80281931840602,20.789940407165826
21.701591959740018,21.449283298278587,21.246405828474785
22.50665705650395,21.947669104794986,21.88480369257415
20.35075182897793,21.939925366701818,22.288472248512996
19.978825361998915,20.47901062324296,20.468258153444044
19.978825361998915,19.952956725530512,20.132852177120657
19.98929666186621,20.257219032885352,20.16620564409764
22.227343233722685,22.47562218730603,22.317080143141673
21.97602880544178,21.27880731414623,20.892046533984566
21.12873094505457,21.146319216688195,21.30683658021697
20.94640938826062,19.984651043363314,20.2161415868932
21.55617495988152,21.530165388941395,21.194031389877882
21.85466794843752,21.46044821283095,21.464395446856003
20.589734444321888,20.556862774377457,20.77160766635028
21.88641664675209,21.67107348026805,21.429165252391723
22.1095601980663,22.269068513073023,22.292244541047328
22.33270374938051,21.745465009030855,21.56223504780454
21.41140047568281,21.247079096579302,21.414369406241335
22.08424239008201,21.680135444410045,21.645922457647398
22.1095601980663,21.58632949635047,22.265435921722464
22.08424239008201,21.811718758024156,21.920339261799253
21.57768116510248,21.55444296863629,21.30901284165363
19.568083196789907,19.93013826780414,19.984277607004515
21.12873094505457,20.451891013204357,20.590314955588838
20.985630101413904,21.182147182043828,21.323718127076795
20.43558376449463,20.425770745353415,20.734371213027146
19.568083196789907,21.699658462002066,21.260596673275355
20.905587393740365,21.497720497560955,21.622600596730432
21.385953810021647,21.19471929216544,20.911261781838892
20.69794802896212,20.938050024826588,20.792635182406713
20.584003769612902,20.32460699185736,20.468106044046184
20.28476087476005,20.290247251520665,20.163461571854164
22.1095601980663,21.724536857130477,21.685152430724287
20.40855509210671,20.497658639146877,20.595547903209336
21.51172319731068,21.915963005001167,21.87669061720533
20.43558376449463,20.388933851360612,20.39754566280002
22.227343233722685,22.194037067744844,22.171974388170376
20.171618218660164,20.65751575855971,20.692653333343717
20.560746907448635,20.630878190355258,20.474468490626155
20.468373587317625,20.65751575855971,20.69581703859453
20.352202155555577,20.302099219036062,20.458539115159635
20.125428836190792,20.157753564606313,20.16980192614553
19.87929576665188,19.91741515453271,19.869475305274708
20.35075182897793,20.510031243258645,20.58709256625127
21.305481456799075,21.751509411799887,21.71965944683577
19.568083196789907,19.63988315357243,19.92350178205274
20.36659089300768,20.51991583232891,20.669459168690874
20.352202155555577,20.726670545314196,20.773743117443264
21.81182778976102,21.121999331897676,21.209526138380184
20.359422403529067,20.367082931929943,20.739744469671738
21.46520318167579,21.50645361528151,21.93635706750245
20.030118656386467,20.37192716938505,20.365961627902205
20.069339369539748,20.169836772115772,19.951190822299683
22.22511853870057,21.631726585985238,21.442885136037912
20.468373587317625,20.717033839546428,20.739225940719948
20.708152199136364,20.52511895390218,21.042273153604807
21.46520318167579,21.529968763801968,21.401423012863038
21.059738073567623,21.552359249472104,21.24376455184042
19.90228528487658,20.2728574540824,20.107127714349744
20.616793592435894,20.84557226993783,20.86647379016584
20.09777730486028,20.39999976703832,20.38483028713642
22.50665705650395,22.075424639876655,21.94711521142256
20.15233628911072,19.891759789614795,19.924831205291692
19.92475814072864,20.051630849685367,20.071408071325706
19.62964108978934,19.579789920751885,19.83863522370834
21.282881624881835,21.267611346973624,21.034527561012588
22.28141045499296,22.262383582195756,22.138309073385365
21.02337042939675,21.151856679229663,21.131613961218136
21.31105250184853,21.727928912586687,21.872200054317098
22.50665705650395,22.140375855413456,22.64505369134365
20.33022324883681,19.942987541874185,20.004651585688165
20.671972542558866,21.132193307400772,21.018107303934965
21.2240411248589,21.805243922865316,21.829797501511788
19.824323743406868,19.908558247374437,20.096278870989412
21.78797657393884,21.814116348517864,21.84309224018036
22.50665705650395,22.23863339673143,22.510355238594787
20.617905321288585,20.79156367983363,20.90300885026942
20.401682212818947,20.34964287994482,20.487165663033398
21.193269466192145,21.186400998305043,21.036678706798305
20.42620660268204,19.935947313928278,20.247058309455646
20.818576016750736,20.9205650955458,20.846438876941512
21.94704126856853,22.046628285687955,21.934507309224713
22.1095601980663,21.094268496227883,21.02625605805442
20.468373587317625,20.517601029752498,20.678682792802938
21.716517609956693,21.965376358035584,22.511175969331667
20.818576016750736,20.363679552700464,20.553432114296065
21.78797657393884,21.632631022329555,21.93545838477156
22.291881754860256,21.814035164755346,21.53469433955215
19.83166771766263,19.93013826780414,19.984277607004515
22.50665705650395,21.497056229477455,21.573049694922343
19.568083196789907,19.76424185258505,19.97471875408027
21.78797657393884,21.444148493694975,21.4855338754139
20.560746907448635,20.760315699201257,20.708756073647322
21.59873457430032,21.552030833597694,21.172452691432945
19.69324633974391,20.03244590355295,20.072729474107543
19.92475814072864,20.013186995947812,20.07766494390388
21.59873457430032,21.810780321751864,21.80044701548718
21.31105250184853,20.977100997639113,20.93420598978354
21.75288525412757,21.84986441009569,21.521968791690473
20.617905321288585,20.853704307558374,20.947689995450155
22.50665705650395,22.444751805349274,22.46729755959517
20.40855509210671,20.27408892710399,20.504344156281487
19.568083196789907,19.579789920751885,19.83863522370834
20.43558376449463,20.496953631281194,20.450393760018684
20.468373587317625,20.8626648843693,20.813035418959064
20.363729660726648,20.497269998624574,20.621550092446427
19.935807976915225,19.90640835558436,19.993766462295127
20.030118656386467,20.27796385578765,20.23882711144606
20.9543775579098,21.01625056048745,20.74582073117918
19.742436583934683,19.90640835558436,20.000437116867943
20.36516130019809,20.527045671080927,20.588907812633142
21.611157094298868,21.58802519394549,21.206073198001338
21.2240411248589,21.728240757687924,21.86148043434622
20.683484966934568,20.989084315259213,20.68515350927403
21.282881624881835,21.854589555271865,22.030253326718867
20.44882899124465,20.77272822607172,20.68664530747544
21.85466794843752,21.297924459897597,21.306142740803953
20.169880598761623,20.288811148915144,20.54880822896735
19.58383155375805,19.836380587503,19.960770135804513
21.09482939337889,20.33022252334973,20.573285737040102
22.50665705650395,22.0281482894382,22.326943274682133
21.82187812561452,21.49621806314235,21.30120847373405
20.359422403529067,20.426878435451595,20.464047060157476
20.2371328257708,20.367418131199088,20.3336982092878
21.33845147603665,21.089503400350594,21.098739694271924
22.270828345662423,21.94536611139715,21.79888042758347
20.030118656386467,20.13912452977347,20.32490973986138
21.82187812561452,21.599748198101224,21.51442511957116
21.51172319731068,21.49650156111153,21.36658659316752
20.030118656386467,20.35479800956805,20.198168695567446
21.12873094505457,21.382803635270964,21.17701209633469
21.46520318167579,21.359756316765942,21.43924668304157
19.83166771766263,19.958796477834618,19.93860282173078
21.349204267812908,21.143459384654495,20.93375602795629
20.560746907448635,20.548038267455535,20.479229101970134
20.72226533661283,20.745131004356104,20.844212792747705
21.09482939337889,20.94864517130461,20.917430061700745
22.50665705650395,22.20589296626531,22.001920324260094
21.85466794843752,21.910488973195143,22.46506853624925
21.97602880544178,21.796420939349524,21.91893526577193
21.253894088008582,21.217561828433972,21.25468417548565
22.33270374938051,21.90128293139222,21.81189982656437
21.82187812561452,21.897839993345126,21.745757157317506
20.09777730486028,20.396496485707033,20.371957398642557
20.818576016750736,20.392385157761495,20.406662640740016
20.51007261648537,20.41191484334724,20.171430206044636
20.985630101413904,21.12196702674565,21.077776929863045
21.16795165820786,20.861510322806506,20.833535426991485
20.493852672618605,20.288811148915144,20.56904529986655
20.17853866150474,20.33080493702792,20.35857264925296
20.444873811401724,20.42281726810543,20.241411025557397
20.671972542558866,20.31320020625519,20.58480851783698
19.768753892252057,20.32651736728564,20.429892489414915
19.92475814072864,19.955981171867638,20.042714787219722
20.617905321288585,21.44935433195937,21.17826472722003
20.02811665371579,19.84384055372246,20.054670816266132
19.80447197485414,20.068346786891926,20.091556990077752
21.282881624881835,20.693947322907153,20.988523863818322
21.639556568820566,21.187146353130295,21.00161658968103
22.387191934664585,21.814977379689783,21.59217173290728
20.18712240519613,20.22138628624486,20.184692668331774
19.978825361998915,20.390907966120892,20.47890536804563
21.639556568820566,21.760549304684503,21.612092536880414
20.666695485458018,20.600042812549013,20.72950145049435
21.55617495988152,21.650158816898138,21.38127590156879
21.99021344043373,21.38051095056566,21.55787955248488
20.45538639179081,20.533666853925794,20.74298736547418
21.639556568820566,21.847024320969766,21.60173195659422
21.186999853178552,20.824337346744283,20.830239263295166
20.60560779347818,20.410728418343986,20.402689136280774
21.623427186890684,21.588025193945487,21.214108865110546
20.43558376449463,20.732560476410598,20.413053308297297
20.36659089300768,20.442327536834252,20.43918047411336
21.36511972311881,21.309922551088604,21.24451324054072
21.36511972311881,21.912140461262382,21.688443256913498
20.589734444321888,20.929303851750998,20.642122659219133
21.51172319731068,21.893228995387272,22.118501089059727
20.09403198213012,19.86557725043716,20.064231522396863
20.36516130019809,20.497269998624574,20.621550092446427
22.50665705650395,22.323775409294303,22.576456797389827
20.210772156079724,19.85275895324608,19.999900165573496
21.639556568820566,21.823755802305246,21.471803961145586
21.33845147603665,21.87974540481043,21.9630475916713
19.935807976915225,19.90222296843875,20.305560098381488
21.193269466192145,21.09331175134566,21.01253784357141
20.905587393740365,22.28982601125633,22.147939595397943
21.41641301750636,21.100003938752714,21.05914535012365
19.568083196789907,19.579789920751885,19.83863522370834
20.54294228281513,20.397053857859717,20.285864297299046
20.08838756451044,20.423902795069594,20.09596684096316
21.31105250184853,20.762831916646856,20.771666892158184
21.391095209522067,21.148759135353917,21.048589272126513
21.02337042939675,20.895957283005945,20.751219358189605
20.584003769612902,20.596151938440034,20.66314931708514
20.21244021318042,20.99035645756313,20.886179978187638
20.43558376449463,20.372639868982812,20.479786879262296
20.905587393740365,20.700093013136854,20.729557878720087
21.469953784434388,20.723426894570864,20.747998130061635
21.85466794843752,21.830909458315656,21.74675485354593
19.922533445706527,19.92365937657324,20.018368503792406
20.617905321288585,20.51420487506597,20.6690546061296
20.12360899947381,20.178578902510406,20.025843645379048
20.589734444321888,20.512731823503426,20.733818483903335
20.72326583694641,21.163537540909143,21.168950738456196
19.978825361998915,20.347883036488994,20.288980694873374
22.50665705650395,22.111277702121225,22.367667529819176
21.639556568820566,21.94167917981975,21.94125884027811
21.678777281973847,22.069947741150017,22.451479832844594
19.67344371244773,20.111921762791077,20.18940618792071
20.38779310065828,20.314619071465447,20.336538662609478
21.10852823773705,21.42877355404978,21.120010754323523
21.488733679085986,21.782950980167897,21.77009869776943
20.55956974427562,20.39796390166468,20.420010896226565
20.985630101413904,21.83109277192728,21.93684782331396
20.307750392984744,20.24781538715821,20.060285775702244
21.78797657393884,20.538066806458055,20.79766351164972
21.51172319731068,21.275814473885116,21.112146097561293
20.125428836190792,20.101419317447665,20.204614323386913
21.059738073567623,21.743511455981018,21.687862901025692
20.33022324883681,19.943043918529813,20.05206649734925
20.11629635262752,20.258559432971253,20.3135397397983
21.12204195690378,21.194982437959535,21.015396814587195
21.82187812561452,22.056587141898362,21.951091586322917
22.50665705650395,22.12811025417219,22.44456895350085
19.99965944890176,20.169836772115772,20.093869648125693
22.390972657504488,21.880575984867804,21.870944228919466
21.59455920288983,21.01677492622001,20.716272612931252
21.073922708559586,21.416219837517573,21.505480990479793
20.36516130019809,20.25243185989633,20.189902340952262
19.978825361998915,19.913384962198357,20.01293235529875
20.612334276239128,20.515600105055977,20.5035709779465
21.193269466192145,22.053940686864077,21.702354746339775
22.50665705650395,22.244677535886836,22.375903257905538
21.193269466192145,21.29830839428684,21.056626782510865
20.97790805532,21.03736854155877,20.78664645605297
21.65148513968584,21.499517209345626,21.257110428002274
21.02337042939675,20.80967501923769,20.772130917813758
21.12873094505457,20.929721263805433,21.026929864438465
19.98929666186621,20.135060384404692,20.101732531307274
21.97602880544178,21.59597541465737,21.72505089429632
22.50665705650395,22.0979318906982,22.135068028265426
20.29248292085396,20.419139480177755,20.36291324424637
20.617905321288585,20.351976428390333,20.454756536098465
22.49821818785809,22.01238042561249,21.83415845160393
21.12873094505457,21.37405655225422,21.173544192097093
20.560746907448635,20.357424289753972,20.25061938200779
19.799446838651463,20.013186995947812,20.05780430839013
21.253894088008582,21.295071399640488,21.21216732686525
22.227343233722685,22.03441661630727,22.253565817085498
21.391095209522067,21.27104564980132,21.003301502697038
21.818539224349006,21.69314127140767,21.565937670552177
20.468373587317625,20.51013883789396,20.64317807595931
21.12204195690378,21.22852974469128,21.198834261953515
20.51007261648537,20.732560476410598,20.40330989962152
20.985630101413904,21.22780011925147,21.030217254529603
22.32265341352701,21.94564148040789,22.599134983083548
19.824323743406868,19.676346647222587,19.981060613686626
21.045349336115525,20.96322736145384,20.730200441706252
19.80697510507225,20.31042257437734,20.116631812234797
21.401299379696308,21.325658641865694,21.500041346663917
20.36516130019809,20.655948578356345,20.662063538136106
21.32210233803512,21.261169612124196,21.07125276887168
22.31250104206299,21.61230305723885,21.351978939727402
19.67344371244773,20.104589104515945,20.187857825409754
19.568083196789907,19.586629686640713,19.842388476310248
20.020068320532964,20.105121811113484,20.226835785182516
20.51254480563076,20.651831670527475,20.72634408152693
21.11530792472244,20.10121432351042,20.132375108194267
20.94640938826062,20.82615393495305,20.904842404840867
21.49799300449878,21.477509441149838,21.250773782866588
22.33270374938051,21.058819206813833,21.06561490898093
19.568083196789907,19.579789920751885,19.844468620432316
19.568083196789907,19.747313712580418,19.82169635543202
22.227343233722685,22.222358428814708,22.313854606916127
21.469953784434388,21.477509441149838,21.232649041902143
20.36659089300768,20.105227405414603,20.071141783119987
21.10852823773705,21.521311148874318,21.16341160585942
21.93817858131068,21.59526609058971,21.214383677709286
20.276978734318,20.181748559445037,20.094373918614384
20.71321550109291,21.185273317265338,20.880657706577683
22.50665705650395,22.298819850870185,22.597011268719868
21.253894088008582,20.39786296907984,20.53215031532208
21.305481456799075,21.2310309392753,20.95247974980027
20.560746907448635,20.410618226262326,20.26706609595535
20.315297598620127,20.40911584716327,20.449461710078676
22.227343233722685,22.44132375385119,22.60892429352443
19.978825361998915,19.91596866266891,20.05892998612668
21.41641301750636,21.394556270796052,21.189886272257606
20.617905321288585,20.71700599947053,20.557685236618045
20.671972542558866,20.91930641215102,20.822948351590824
19.6705824801667,19.778293386289924,19.912990650315866
22.381493913549946,22.246242905446028,22.185404306876258
21.253894088008582,20.825642432645044,20.589745165858417
20.985630101413904,21.38051095056566,21.631282825843112
20.19563309486404,20.168556462549827,20.15648364572426
20.671972542558866,20.862859761471796,20.54630127305937
19.568083196789907,19.747313712580418,19.82169635543202
19.67344371244773,20.27847575612534,20.40713246652433
20.48627687881015,20.280167882241035,20.34259919769053
22.50665705650395,22.224056887227498,22.334262142763613
19.83166771766263,20.443771158426635,20.311032057229923
19.568083196789907,19.586629686640713,19.820976345249267
22.50665705650395,22.2358203069554,22.57820814175857
21.155048253371948,21.213473162003893,21.338344572886108
22.50665705650395,22.115109009069144,21.985244588747253
20.44355193414381,20.29670150053326,20.217280594175115
20.985630101413904,21.125470667102434,20.842456560192975
21.2240411248589,21.49202803362762,21.289110655932344
20.560746907448635,20.40551279459853,20.74940321720897
20.985630101413904,21.565390167552533,21.52737832697245
22.49821818785809,22.060628207574613,22.544946378119537
21.73486674862489,21.49426367437396,21.375798303123126
20.985630101413904,21.27888500957817,21.069030487220026
19.7943963228654,20.146635644697096,20.285272965397724
20.86302777932157,20.716497013004197,20.711339111080825
22.227343233722685,22.321906977105993,22.138399395381313
22.227343233722685,21.663072418171524,21.914506743484736
20.80022687808254,20.934341339396124,20.73954662711874
22.05826690367876,21.530509794586713,21.47834152323737
19.67344371244773,20.33784438634987,20.376957916965594
20.68244384242616,20.9659577644572,20.740693972908335
20.162899767620285,19.928012520704463,19.930278243041954
21.059738073567623,21.1737693706758,21.128435189218184
20.94640938826062,21.271619236321026,21.08386376464415
20.45538639179081,20.48399992253652,20.59822245293312
20.05967745862801,20.249125169079733,20.069532765104434
22.227343233722685,21.5286693619126,21.88971141663173
21.52526742241844,21.53698073594427,21.145927450123533
21.253894088008582,20.74887267442761,20.701755694768803
21.88641664675209,21.869599742137577,21.54728730232679
20.589734444321888,20.81541426101004,20.685889716609825
22.08424239008201,22.43601368009159,22.638201858369943
21.53419605316274,21.481926757581217,21.876985312225386
20.560746907448635,20.753845483770586,20.51094632920881
21.973167573160747,22.295547879622998,22.24778705242412
20.43558376449463,20.444707939972254,20.57143390995337
19.568083196789907,19.89472032859265,19.874394123806837
21.161520767877565,20.727319531730423,20.712329878861276
21.09482939337889,20.288811148915144,20.57801519076026
21.55617495988152,21.499517209345626,21.294793381054127
22.227343233722685,21.73032925389854,21.804074577518822
21.015935450909232,20.64262759846369,20.688520083495963
21.41641301750636,21.868598189675815,21.710521028686323
20.94640938826062,20.513616347517562,20.7738280431474
21.47468192563033,21.354618454893604,21.17761871628389
21.678777281973847,21.52714534076249,21.125733196559008
20.19901719284828,20.181748559445037,20.094373918614384
20.59996762060192,20.56286818445481,20.34680449760892
22.158350362235733,21.273930001450932,21.797110744178525
20.985630101413904,21.72161254097527,21.651797669157197
19.568083196789907,19.678552399284005,19.811680009294054
19.568083196789907,19.70481781906892,19.872481137756417
21.619353861503047,21.315676033309973,21.37776669070329
21.88641664675209,21.755915122385975,21.631028347776844
21.88641664675209,21.38041134387175,21.22683906073442
20.401682212818947,20.383068302326283,20.525886720267494
22.50665705650395,22.220850018736495,22.687188039787234
20.276978734318,20.180130024158327,20.13252869343523
19.768753892252057,19.813028508985457,19.98310922933168
21.36511972311881,20.479658186825752,20.538844369703906
20.22896951513163,19.87700244424745,19.972012236783552
20.44355193414381,20.013186995947812,20.199483521297992
19.568083196789907,19.91381790687633,20.14600854065015
21.917188305418847,21.155083612048657,21.008549166064682
22.42801392918484,21.651683026172154,21.652853106464683
19.913584840130515,20.286031645815896,20.204539317391475
22.50665705650395,22.35294184630391,22.24455266037508
20.43558376449463,19.921063075110602,20.199299356093068
20.985630101413904,20.953870973444708,20.80449840706468
21.29424538353215,21.375943171977287,21.090635093695614
21.53419605316274,21.076070561127686,20.99733250213165
20.818576016750736,20.85350550860114,21.08932380760938
20.49887150373055,20.981356535662165,20.88426441929617
21.46520318167579,21.490676334936612,21.375411685706798
22.50665705650395,21.526652340278424,21.97738934030236
21.678777281973847,21.357511571508443,21.348326583789714
21.59873457430032,21.514717321370483,20.84983051990834
20.94640938826062,21.22778035526308,21.3436752766859
21.059738073567623,20.866294976492338,20.840441479800727
19.742436583934683,20.105121811113484,20.226835785182516
21.33845147603665,21.03012035628251,20.82145285706419
21.02337042939675,20.73618523107686,20.663451946550172
20.560746907448635,21.218020111177964,20.96465122530188
19.568083196789907,19.590102191474504,19.828718261734092
20.19563309486404,20.13153948252582,20.082445964633017
22.33270374938051,21.732359971549798,22.23904501292632
21.716517609956693,21.62331189750755,21.435583212596033
20.818576016750736,21.530165388941395,21.222150869374875
21.059738073567623,21.03108820712912,21.183139868602098
21.97602880544178,21.770926847956535,22.036049980670615
19.63559348831664,19.579789920751885,19.850222648748936
20.53089394429896,20.368589934083374,20.61897053271107
19.978825361998915,19.646274691810007,19.87248644999315
21.12873094505457,21.06879256258978,20.930464462896058
20.55484718532145,20.43683973895574,20.334191071429544
21.31105250184853,21.90760135066645,21.80045628432956
22.42801392918484,21.831699905222365,21.732552264368945
19.62964108978934,19.93013826780414,19.984277607004515
20.67617422941256,20.070712123331038,20.20138105666024
20.44355193414381,20.327595917716494,20.155605150545306
22.50665705650395,21.86377949968541,21.3775378509162
19.568083196789907,19.946942954064397,19.85435025578694
20.818576016750736,20.55012665798204,20.488957577775867
19.67344371244773,19.666845675322023,19.860378615348303
20.671972542558866,21.34268500567027,21.420205432373344
20.43558376449463,21.321439058021227,21.204782342383847
20.80022687808254,20.78032717242151,20.7390869984252
21.88641664675209,21.501868764587364,21.70191151123769
20.94640938826062,21.20763985436604,21.09850992235115
21.253894088008582,20.98841133284326,20.850137713152016
22.50665705650395,21.94875126224569,22.121796441589286
20.030118656386467,19.909083349733834,20.008292998064544
22.42801392918484,21.716864275126106,21.75024319859375
21.059738073567623,20.79289197199448,20.80741852914856
22.33270374938051,22.031183731905244,21.85684736873818
20.48119427574668,20.493834591608177,20.470842074006143
20.51007261648537,20.54236788755262,20.39201862603487
21.51172319731068,21.974230292404023,22.31964894690798
21.55181765451256,21.594815725356582,21.16305420602533
20.671972542558866,20.527415000298237,20.78207468352221
21.059738073567623,20.714312141413057,20.689450137199607
20.169880598761623,20.370528064214575,20.525955427004305
20.352202155555577,20.551725125228444,20.829828477078674
20.468373587317625,20.4203464721281,20.639978956306404
20.147012407857964,20.239623666069424,20.13174570643966
19.7943963228654,19.58662968664071,19.85330358638815
21.436215644802537,21.484901436978152,21.205374910414946
21.895747974180978,21.460351726267728,21.146080024752425
21.193269466192145,21.51182723076782,21.108573962470846
21.12873094505457,21.5083417850623,21.070131548173638
20.47864325395508,20.272262946826242,20.349221241944367
20.32874066887658,20.414200606396843,20.525238954014597
20.468373587317625,20.61412459558491,20.708458821560313
22.33270374938051,21.94666310427926,21.773051520693592
21.12873094505457,20.426412139995595,20.577403941302652
21.059738073567623,20.969607119296356,20.822792528609348
21.12873094505457,21.665305549198365,21.42581611990196
20.169880598761623,20.61756295175992,20.736702430955553
21.33845147603665,22.073277769852584,22.411131519344078
21.69782547694454,21.66153861778271,21.47419892386912
21.851436927856064,22.01703701132367,21.807604024301806
21.56483302262463,21.603468094447084,21.177597658253244
21.36511972311881,21.50864097273527,21.401947112996325
21.88641664675209,21.47532729264153,21.37691137746867
20.718253295122867,20.53502108747638,20.54685709984772
20.97790805532,20.617562951759915,20.745672321849266
20.20238987732692,19.92362473073706,19.936767982818825
20.337603356134423,20.29483766449732,20.17140506764495
21.97602880544178,21.526872713433907,21.881316100140477
20.72226533661283,20.9607556063045,20.834598041549583
20.139869520345584,20.331012334163788,20.121336058235798
20.42620660268204,20.567141855599807,20.406406272293133
21.29424538353215,21.426882904322326,21.403633146333377
20.43157574309709,20.410187912844197,20.67638625909243
19.568083196789907,19.590102191474504,19.828718261734092
22.00419968240848,21.798257847899063,21.245822614682346
20.055786403135045,19.999188000043073,20.306278118713546
21.75288525412757,21.25245309053164,20.992109985498058
19.568083196789907,19.876625057996517,20.018282542281565
22.50665705650395,21.362298642970543,21.269252713395797
19.80697510507225,19.913384962198357,20.01293235529875
20.19563309486404,20.64209100402738,20.70577394109174
21.51172319731068,21.58518493651387,21.579791742105524
19.568083196789907,20.0163362787465,20.073830651997273
20.560746907448635,20.35695679249738,20.482692756916553
22.24932214044146,21.85848784798479,21.67964139453485
20.19732657537037,20.032331483995364,19.933798500754644
20.21244021318042,20.417374965264944,20.40964776432491
20.72326583694641,20.69708241439005,20.71630024472212
21.781056131094267,21.59918886660119,21.76413418114171
21.09482939337889,21.01625056048745,20.754612417214027
21.09482939337889,20.651229915661965,20.57907167799834
20.43558376449463,20.399240133406735,20.634571811902983
20.29248292085396,20.04097130205903,19.879892055545298
21.282881624881835,20.751137888813236,20.704685790141973
22.291881754860256,22.189679210727814,22.27578166970664
20.136278852214858,20.026810538346744,20.040845393387805
20.19901719284828,19.600252604245906,19.93300587993779
19.599335740294013,19.586629686640713,19.842388476310248
21.75288525412757,21.499909880359912,21.184241795115433
20.487543503425343,20.507447899721544,20.514167371147256
22.33270374938051,22.47562218730603,22.590743775491216
22.42801392918484,21.831346263457007,21.736661891720235
21.2240411248589,21.51272705492238,21.07971022195879
20.020068320532964,19.932491257363303,20.362015766421564
21.299879201250405,21.17971975762483,21.047351615160178
21.305481456799075,21.27585274224263,21.109213905496024
20.666695485458018,20.831603283937472,20.807928962945848
20.43558376449463,20.443422271973727,20.41784187685866
19.978825361998915,20.31042257437734,20.116631812234797
20.96228273741691,20.938050024826588,20.798677412701927
22.50665705650395,21.68174831940465,22.083025078357764
20.44355193414381,20.026465685475515,20.405251638836827
20.35075182897793,20.497269998624574,20.636146730279105
19.89085658905296,20.13425592909798,20.106504434466647
20.204071963509904,20.274260114534705,20.16504580240592
19.80447197485414,19.796750038176473,19.94146298535829
20.589734444321888,20.35695679249738,20.482692756916553
21.55617495988152,21.428825154275117,21.04227758033909
20.444873811401724,20.292635734603106,20.22034364914213
22.31250104206299,22.318686139675634,22.21315411038772
21.265590127771773,20.62373992555525,20.4840762259204
21.97602880544178,22.056086041221306,22.362785706142812
21.12873094505457,21.391230088203354,21.288205546975597
21.33845147603665,20.76048079443938,20.84665763846115
21.53419605316274,21.593781091473268,21.73708261619212
20.030118656386467,20.434970294892526,20.559534866781764
20.43558376449463,20.063066475857724,20.191904917741947
20.670919356574203,20.840586260350662,20.533462424324014
20.617905321288585,21.408038463569685,21.26027500350594
21.55617495988152,21.658987258739767,21.488615130438212
20.125428836190792,20.473897707988883,20.58464861887886
19.978825361998915,20.153626330941094,19.972368667860785
21.385953810021647,21.264773531652324,20.93645113672734
19.87929576665188,19.988982387365194,19.95397455094787
21.059738073567623,20.996630348333312,21.206310126036207
22.50665705650395,22.019237628858168,22.4620224644915
21.635548547423028,21.32661887010353,21.270614035654773
20.589734444321888,21.301941057409433,21.623671384459964
21.2240411248589,21.083051970215024,20.912566842399922
22.28141045499296,22.085306964921763,22.015414283779812
19.568083196789907,19.586629686640713,19.842388476310248
20.337603356134423,20.332653056121657,20.246093810272562
20.31979873150092,20.440229379855836,20.60280759832987
20.97790805532,21.024755444049127,20.774709852263495
20.29248292085396,20.31644583650018,20.363431137193892
20.54294228281513,20.299285962588968,20.39802786809168
21.253894088008582,20.784818021521332,20.73702193831854
20.13447867171071,20.47433520934561,20.445532678159722
20.44355193414381,20.482289916795885,20.5117288199131
20.666695485458018,20.836095350741182,20.76395399690563
21.40636268165285,21.37404145323651,21.31318474373401
20.33022324883681,20.388655715832318,20.528299701657613
20.53089394429896,21.002503665253407,20.79166210005099
20.394761769974377,20.41716288672587,20.482558745138846
20.560746907448635,20.778693850507963,20.779193413802336
20.6453042954767,20.33503689373038,20.32739478021437
21.619353861503047,21.576410304869885,21.18963423362914
21.401299379696308,21.47220849858243,21.340678549238948
21.09482939337889,20.80592162937512,20.832693253171747
21.253894088008582,21.40132025920208,21.38863132556862
22.50665705650395,22.259091881072923,22.088456538431917
20.86302777932157,20.331733241821905,20.283740831163943
21.58192745598393,21.342674527816868,21.177868584648323
21.488733679085986,21.233194640270508,21.14492084489382
21.12204195690378,21.30335182543007,21.2244360584979
20.49887150373055,20.42310689513055,20.448619652615413
20.560746907448635,20.56271659710403,20.672980219470027
20.22896951513163,20.249289663943753,20.142278939296386
22.50665705650395,22.118891276842362,22.304348415545547
19.568083196789907,20.531352318755687,20.568271370648063
21.305481456799075,20.675162974056846,20.738078542860876
21.80507100729814,21.565487110280284,21.69861139948799
21.193269466192145,21.38351566983866,21.254240365971164
21.538630650230605,21.5907252838985,21.154490168003584
21.46520318167579,21.50305646762757,20.933700030758356
21.33845147603665,21.46150211627204,21.446998179723504
19.843789078194973,19.80421214486014,19.95946385809839
21.282881624881835,21.446149892314725,21.772495936934437
19.86759972688869,20.180839208665887,20.243080250976174
21.253894088008582,21.533213161988805,21.44032168836958
20.52114965282428,20.406552940235393,20.624139205192595
21.10852823773705,21.536128356756155,21.150373387833962
19.568083196789907,20.60181413908941,20.594527718182746
21.55617495988152,22.264380603393374,22.42334163005777
21.391095209522067,21.37842994401184,21.18449061177724
21.44110563009673,21.472328615329374,21.50501997138749
20.43558376449463,20.402538407946018,20.390451562639576
19.935807976915225,19.811402329476174,19.96723231434855
22.1095601980663,22.11094429644264,21.999082797245784
22.158350362235733,22.414930726788285,22.283466442268868
21.09482939337889,21.341737978422234,21.06785572909252
20.08838756451044,20.198691589120905,20.110072352721996
21.97602880544178,21.650106029650622,21.59502101323251
20.401682212818947,20.35776616678594,20.42938751624315
20.18712240519613,20.337375910708168,20.483505579388478
21.51172319731068,21.110705403685756,20.93053236855823
20.394761769974377,20.02672393705736,20.160576269270567
21.33845147603665,21.252453090531635,20.978858229118615
20.169880598761623,20.50280731693819,20.456459062843464
21.193269466192145,21.35173506455847,21.375088825029028
20.560746907448635,20.361189614060233,20.228702419871116
20.72226533661283,20.933709890330917,20.79463026225799
20.316800228504665,20.19005167760092,20.15557046804407
21.33845147603665,21.49279629135314,21.712869660494743
21.73486674862489,21.417558611441894,21.48112212986561
22.50665705650395,22.158584583081662,22.617483582693467
20.47480447764791,20.28109689275366,20.42928627136856
20.45538639179081,20.30532834179387,20.27598480617772
22.158350362235733,22.125335919580053,22.046103248679646
19.92475814072864,20.37268793053693,20.6173379825078
21.2240411248589,21.246849988750864,21.210638607289795
21.41641301750636,21.354109602241287,21.418078260446485
20.40581160616096,20.42256369421652,20.305568505192667
20.96228273741691,20.731079757041247,20.642675804512386
21.51172319731068,20.840187789629187,20.919104275921164
20.125428836190792,20.295488568724064,20.447554514540357
20.818576016750736,20.720686008113333,20.669328758313945
20.40855509210671,20.789839581173908,20.57806290724995
21.701591959740018,22.330449032369675,22.041387983353957
22.05826690367876,21.368182650059293,21.494341739178726
21.41641301750636,21.641841004853305,21.78077543324749
20.71321550109291,20.422699150539326,20.59240782623376
20.28476087476005,20.317098670007383,20.124563963602892
21.385953810021647,21.083188715310243,20.96907684530785
20.69177516985504,20.983508338083066,20.79990134778751
21.09482939337889,21.25430428398655,20.86298535200118
20.589734444321888,20.322917764863362,20.20571413434842
20.21244021318042,20.343717098108147,20.29732345956099
22.1095601980663,22.254579958601536,22.497050564661862
20.41809845015361,20.542367887552626,20.435940905223386
21.85466794843752,22.066822423282908,21.931016640460467
21.639556568820566,21.8698949469442,21.49389807441755
21.193269466192145,22.175330990342047,22.05006829073282
20.48627687881015,20.277097546383487,20.060695386415507
22.05826690367876,21.57290085659786,22.265857100679508
21.12873094505457,21.149724895072502,20.90447000599033
20.003774681046863,20.282608352257927,20.177558214776578
19.568083196789907,19.850737024462536,19.967319066749496
20.401682212818947,20.278449097579063,20.451762363262976
22.42801392918484,21.875551230170775,21.840027464292984
20.200704956962,19.797534281885206,19.918966501353047
21.385953810021647,21.30373724807403,20.990815060134143
21.391095209522067,21.32155890812486,21.34584848123343
20.125428836190792,20.9372743298837,20.558185926454815
21.05256958408901,20.400442942288066,20.622841491892622
20.905587393740365,20.696256694506975,20.734713159072914
19.71540791154677,20.131539482525817,20.090836979895002
21.391095209522067,21.041559585737552,21.032882999295555
21.75288525412757,21.61422109729628,21.457286785189797
22.50665705650395,22.185400926626482,22.39965379752256
22.50665705650395,22.018299976786405,22.662070214528253
20.45538639179081,20.503534380096944,20.61606008407903
21.55617495988152,21.306658216306303,21.17067817672245
21.52974170281336,21.593781091473268,21.73708261619212
21.635548547423028,21.615556166262664,21.213793000650785
20.612334276239128,20.57771013595739,20.472983921290496
20.401682212818947,20.32137777451342,20.308268365956767
19.568083196789907,19.590102191474504,19.828718261734092
20.970125914877936,21.21561661933397,20.855027231635624
21.299879201250405,21.225931755289427,21.118202856640483
20.560746907448635,21.128037675839916,21.187969109099168
21.59873457430032,21.780363014779244,21.847038495256108
21.193269466192145,21.700164469535874,21.725746469054506
22.158350362235733,22.051963312280762,21.93055898695421
22.356420275997827,22.187356403445012,22.070745490305317
20.94640938826062,21.95476441427248,21.77620912258694
21.193269466192145,21.741009083327004,21.841173550472025
19.568083196789907,19.586629686640713,19.820976345249267
21.10852823773705,21.14761646848137,21.141508316576648
20.29248292085396,20.046583439431256,20.04051064862773
22.42801392918484,21.84039098298999,21.757499912435126
21.059738073567623,21.827002433799706,21.93756209403129
21.02337042939675,20.739426416664244,20.666362573641837
21.059738073567623,20.50033075349195,20.471039507286452
21.55617495988152,21.180161463522566,21.098293378012684
21.80507100729814,21.29852655249782,21.38968371950853
21.75288525412757,21.621962372408717,21.883547482213114
22.50665705650395,22.13933460638913,22.388782103161333
20.54294228281513,20.317867485380457,20.309252965580228
21.31105250184853,21.21811271975908,21.28884675716687
21.2240411248589,21.191914318910182,20.960501692402275
21.059738073567623,21.881648235515822,21.643025580012306
21.749307432779684,21.260845389218005,21.20511989096808
21.1419761718046,21.215059493749493,20.855420955533223
22.390972657504488,21.957103681961126,21.872384249284966
19.568083196789907,19.579789920751885,19.83863522370834
20.818576016750736,20.740175725443844,20.865836610951433
19.568083196789907,19.590102191474504,19.828718261734092
21.917188305418847,21.102943535557223,21.004345147441644
21.41641301750636,21.290117366162534,21.087367152909007
19.855765269241687,20.762379600696224,20.71202654285293
22.50665705650395,22.158584583081662,22.5508352869609
20.31830060387989,20.081546023685963,20.08149773841118
22.302244541895803,22.144243910079723,21.86682739239812
21.97602880544178,22.145721811651864,21.828678944983086
20.818576016750736,20.809028414417444,20.80700733799508
21.663273095437884,21.37678082430847,21.22692942091824
20.125428836190792,20.200626768409002,20.170444044562
21.253894088008582,21.439942365575387,21.348755548235033
22.50665705650395,22.048540282634118,22.125728058016374
20.020068320532964,19.813028508985457,19.98310922933168
21.678777281973847,21.323495288177206,21.225637358256513
20.72226533661283,20.39406025455069,20.779650660829372
21.31105250184853,21.26345981412156,21.349923820906394
20.49887150373055,20.620224363895993,20.174198693116736
19.65905497499564,19.88954934320341,19.88916796556893
19.568083196789907,20.0312943590274,20.249880325127066
20.60673202069046,20.74055231773849,20.79250622034357
21.97602880544178,22.06712664679162,22.33587539573999
21.647524738469745,21.410205827708666,21.167349017252903
21.401299379696308,21.57794995333046,21.143315187408934
21.3755910229861,21.500509404863358,21.070019432557874
21.82187812561452,21.858435485879404,21.539500317040584
21.55181765451256,20.723011148757553,20.72398089404661
20.020068320532964,20.316378972638354,20.690063331762293
20.94640938826062,20.32598034060238,20.444380737135386
21.193269466192145,22.44475180534927,22.51906077968368
19.568083196789907,20.80931856426386,20.78740277874907
20.352202155555577,20.667587501200202,20.292534792067748
22.227343233722685,21.92532162902938,21.91430256781171
20.72326583694641,20.309937482104978,20.182893501329186
21.88641664675209,21.87561922196378,21.59951792850655
22.50665705650395,21.972035907894117,22.10979143454786
19.65905497499564,20.09568373913957,20.141038563954204
20.5001222856322,20.565540116781385,20.6883606256064
20.94640938826062,21.024755444049127,20.774709852263495
20.72226533661283,21.019878821617517,20.839263757079323
21.282881624881835,21.349064628795848,21.410957294922763
22.31250104206299,21.861028985277027,21.79865944188238
21.32210233803512,21.363067742380697,21.19400176661914
21.36511972311881,20.705875868683197,21.23575936043545
21.12873094505457,21.73724224425193,21.83534122836302
21.51172319731068,21.21269859343281,21.260927779407297
22.42801392918484,22.24392105926741,22.664934947981624
22.50665705650395,22.373804259433864,22.14010488893822
21.12873094505457,21.574422273158568,21.23734917041151
21.09482939337889,21.37619219141898,21.29849295571255
22.50665705650395,22.220850018736495,22.687188039787234
20.524814898222573,20.441852972939547,20.508590878014285
21.41641301750636,21.079027573422245,20.991492231008838
21.33845147603665,21.35554648462207,21.387186639419085
19.92475814072864,20.03275860254111,20.18892597152189
19.89085658905296,20.139758003221782,20.03078175944367
20.62895515747517,20.902537404779256,20.942303151020333
21.81518913746373,21.44985636003836,21.68034660984177
20.617905321288585,21.118879280737154,20.9543415229338
21.391095209522067,21.321060520465934,21.153389433584177
22.50665705650395,22.352287897260034,22.669828011400114
20.28476087476005,20.36616011374592,20.352609298801593
20.204071963509904,20.371680169597845,20.12045525576336
19.95754796355163,20.459949894859044,20.313906870685408
21.82187812561452,21.624123719945477,22.01979646314195
19.99965944890176,19.867883184661665,20.00597349322689
20.315297598620127,20.36080479022254,20.228520390470756
21.253894088008582,21.27928958431228,21.320445598360482
21.65148513968584,21.394556270796052,21.15098700232093
19.568083196789907,19.586629686640713,19.842388476310248
21.33845147603665,20.90057363896748,20.783388047336047
20.125428836190792,20.387428893618182,20.322316096080094
20.96228273741691,20.836973438897903,20.74903030150451
20.94640938826062,20.516446137161946,20.656436102571874
20.43558376449463,20.33620889069139,20.393367702516546
20.560746907448635,20.456628347553416,20.276274035893014
20.29248292085396,20.334104754693392,20.196483939190404
20.601098202972203,21.108093060255303,20.838570379876312
20.72326583694641,21.492911884376102,21.44035254366759
20.28476087476005,20.36080479022254,20.164795434145915
21.073922708559586,21.42787993381916,21.527296206726323
21.31105250184853,21.67029548489943,21.779708249427706
21.53419605316274,22.19254386055308,21.9098963792735
21.02337042939675,21.280138550552213,21.162616039843662
21.611157094298868,21.595790948515322,21.205248981628333
19.92475814072864,19.680109227239324,19.96061937188547
20.401682212818947,20.285241179531514,20.618565913700074
20.468373587317625,20.378814878633516,20.847477133204695
21.31105250184853,21.18878387932616,20.888976271380432
20.401682212818947,20.58011022259103,20.53489634649013
21.97602880544178,22.363737818354316,22.23873371101979
19.568083196789907,19.590102191474504,19.828718261734092
20.60673202069046,20.44167987312024,20.473395080136633
21.78797657393884,21.34665877266738,21.013329398408526
20.650695144111577,21.81328667520775,21.58546113143108
20.29248292085396,20.37052806421458,20.530504256418048
20.204071963509904,20.17615028200744,20.246177461158112
20.14344734169347,20.169836772115772,19.934764375493607
20.33022324883681,20.419549467954962,20.873821892856025
22.03159865659659,21.813099038023992,21.526863728294515
20.373708360776543,20.527045671080927,20.588907812633142
19.568083196789907,19.747313712580418,19.955115740087667
21.59873457430032,21.7877781110222,21.87977330547443
20.125428836190792,20.507465669175716,20.41697233915775
21.46520318167579,21.20318847134972,20.927208381458353
20.96228273741691,20.668916427725385,20.606824569009166
20.17853866150474,20.390907966120892,20.47890536804563
20.617905321288585,21.03989120452449,20.866360485666554
20.21244021318042,21.052711839412012,21.410330085216717
20.589734444321888,21.045277424769754,20.884369866506592
20.905587393740365,21.68501097101805,22.07234507516491
20.72226533661283,20.709687838270543,20.890959400334037
20.63988422800736,20.92780835676453,20.91505010222938
20.589734444321888,20.693168065052802,20.775940278090815
21.73486674862489,21.480996721476895,21.50156628024589
21.516258352476072,21.647747642273984,21.6961075449972
20.560746907448635,21.398577786284665,21.173160279372055
19.568083196789907,19.590102191474504,19.828718261734092
20.428894776343835,21.251606637865546,21.15435191985632
21.193269466192145,20.81076615592259,20.801915573065294
20.11629635262752,19.942987541874185,20.004651585688165
21.716517609956693,21.30902754312394,21.198866550520396
21.36511972311881,21.299457353770027,21.125407331988278
21.33845147603665,21.43478258099475,21.016741777619394
19.568083196789907,19.586629686640713,19.842388476310248
20.60673202069046,20.481212882413516,20.377466252138777
19.92475814072864,20.07784570565528,20.08804144503449
20.169880598761623,20.507810145241294,20.60413195917626
19.599335740294013,19.932855712188474,20.03384858104594
20.29248292085396,20.88129643555071,20.958103129558577
20.985630101413904,20.645339500761843,20.691599882686607
21.401299379696308,21.407328361065574,21.18660472217082
21.41641301750636,22.111705213307207,21.92177465687669
19.92475814072864,20.006680338794972,20.126922271759543
20.5001222856322,20.873690383976133,20.966520120991785
20.43558376449463,20.378445502160204,20.21444319615711
21.12873094505457,21.33472071137238,21.478159931431716
21.639556568820566,21.292564298654884,20.984955137953513
20.3449293962265,20.215491706731264,20.501442106742026
19.568083196789907,19.697887517298327,19.907159614441028
20.5001222856322,20.484532633994256,20.625340104898843
20.200704956962,19.836314560129367,20.039847998948943
20.612334276239128,20.32116225716389,20.44983482974851
20.337603356134423,19.800900863852842,19.992983848297975
21.401299379696308,21.386978060234874,21.49951072393178
20.671972542558866,20.10799269973488,20.299130746185078
19.568083196789907,19.579789920751885,19.83863522370834
20.468373587317625,20.933965426351772,20.757654311900705
20.45538639179081,20.522669176482854,20.62302415455702
21.41641301750636,21.09202594825999,20.83036961538054
21.391095209522067,21.36207850326252,21.26364873757189
22.50665705650395,22.176301359422183,21.956012120719567
22.28141045499296,21.649992092102096,21.70934943222773
21.33845147603665,22.03011895606866,22.111705517553936
19.568083196789907,19.621222358649433,19.823449199118198
21.619353861503047,21.36583106995299,21.1572927462958
19.568083196789907,20.354590084081362,20.494039379896204
21.31105250184853,21.140216286057083,20.93439258688179
21.059738073567623,21.295177388278034,21.324203352253793
21.53419605316274,21.342674527816868,21.1801444321442
21.55617495988152,21.180161463522566,21.14819840842267
21.33845147603665,21.48890573043991,21.47557867436192
19.80447197485414,20.350314188286408,20.343449040033818
20.19901719284828,20.23182446292623,20.170122883499044
20.125428836190792,20.963499160678502,20.621968297879604
21.97602880544178,21.869103631988953,21.89773600340482
20.030118656386467,20.445386887980167,20.495370447311608
21.51172319731068,21.90648630566416,21.58054647445698
21.97602880544178,22.20391965569175,22.298564766763377
21.639556568820566,21.167731793502515,21.095550122195718
20.99329297415947,20.73844406945474,20.692341989396272
20.17853866150474,20.006680338794972,20.107529412940675
22.227343233722685,22.28249998406146,22.04170802417227
20.53089394429896,20.38520457119126,20.628404627527154
20.439575785764166,20.667143943281374,20.45196457229635
20.2371328257708,20.806337426832624,20.86835837458956
22.50665705650395,22.41493072678828,22.361259918148274
20.617905321288585,20.933709890330917,20.768970982714986
19.92475814072864,20.274777756074556,20.240273369175778
20.14344734169347,20.536530469436794,20.585750080075012
20.97790805532,21.2847591234554,21.18060648052251
20.5001222856322,20.310733511518364,20.567861276359338
19.568083196789907,20.049108274157625,20.043704191099675
20.086498989822573,20.041540652065457,20.215493472888344
20.560746907448635,20.502093935080794,20.55688582065788
19.568083196789907,19.670356381585727,19.9043231384187
20.985630101413904,21.392786803065178,21.212660466413894
20.36659089300768,20.34356043807358,20.26476005676939
21.253894088008582,20.935974701560212,20.928263263928933
19.95754796355163,20.341103770290232,20.324442497687315
21.35453761378827,21.19471929216544,20.911261781838892
21.97602880544178,21.890044123975485,22.216691931724647
21.10852823773705,21.300257018805205,21.191377707489842
20.818576016750736,21.28588880267019,21.17907320997031
20.29248292085396,20.287194354394032,20.49626575785347
21.781056131094267,21.526872713433914,21.732147297674064
20.94640938826062,21.025951160181318,20.821752292031224
20.030118656386467,20.167095750866096,20.211564912833424
21.09482939337889,21.077772248551362,20.974455737275303
20.125428836190792,20.8876868740361,20.56351817472796
19.568083196789907,19.676346647222587,19.81177019892602
20.560746907448635,20.500520571638187,20.404710392512918
19.568083196789907,20.389336520740724,20.401881443648815
20.72326583694641,20.87612196459625,20.924935959438752
21.2240411248589,21.219493767507828,21.043836353659366
19.568083196789907,19.676346647222587,19.81177019892602
20.49887150373055,20.39796390166468,20.420010896226565
20.589734444321888,20.449688457476842,20.39817094451469
22.50665705650395,22.019237628858168,22.530184050926202
21.401299379696308,21.463994413630424,21.39049914921387
21.41641301750636,21.325806251518173,21.55323154489655
21.46520318167579,21.342674527816868,21.171024042330266
20.985630101413904,20.855937665908645,20.89475792225677
