harga,jumlah_kamar_tidur,jumlah_kamar_mandi,jumlah_garasi,luas_tanah,luas_bangunan
1790000000,3,3,2,120,110
170000000,3,2,1,102,126
695000000,2,2,1,100,100
560000000,3,1,1,109,67
200000000,2,1,1,60,30
1470000000,5,3,1,125,157
2100000000,11,11,2,206,290
1600000000,5,4,2,300,200
2400000000,3,3,1,403,220
875000000,3,2,1,145,85
570000000,2,1,1,83,50
300000000,2,1,1,60,30
750000000,4,2,1,140,90
1850000000,4,4,2,166,200
745000000,3,1,3,209,180
1700000000,4,3,2,169,125
4200000000,4,3,2,480,300
455000000,2,1,1,61,45
1100000000,4,3,2,171,150
850000000,3,2,1,135,80
3500000000,7,7,2,349,400
1300000000,3,2,1,134,200
4800000000,13,15,4,235,465
1850000000,4,3,2,135,165
5500000000,3,2,0,275,275
4750000000,5,6,2,267,340
2000000000,14,14,2,196,230
1400000000,3,2,2,205,150
765000000,3,2,2,109,80
2200000000,3,3,1,139,125
3100000000,5,3,0,146,290
9900000000,4,4,5,3400,550
7500000000,8,8,5,1000,350
2500000000,6,4,0,128,130
1950000000,3,3,1,128,188
10000000000,5,3,0,848,427
1080000000,3,2,2,147,85
969000000,3,3,2,102,100
25000000000,34,32,10,832,1500
5500000000,5,6,3,295,400
2100000000,3,3,1,139,100
3200000000,5,5,2,204,200
500000000,3,1,0,72,90
1300000000,3,2,2,156,85
900000000,3,2,2,111,70
3400000000,7,4,0,415,300
10000000000,9,5,8,1527,1000
15000000000,6,7,4,636,450
6500000000,11,11,5,500,750
2480000000,4,3,1,192,135
2450000000,4,3,1,187,135
2650000000,4,3,1,213,135
2430000000,4,3,1,192,135
2490000000,4,3,1,200,135
1200000000,3,2,2,100,88
1650000000,3,4,0,912,150
2250000000,10,10,2,100,160
900000000,4,2,0,120,84
2350000000,4,3,0,120,185
1450000000,3,3,1,150,95
450000000,2,1,2,97,45
845000000,2,2,2,60,65
1800000000,3,2,2,134,90
3500000000,4,5,1,288,400
299000000,2,1,1,60,30
1380000000,3,2,1,107,100
1200000000,4,5,1,128,250
750000000,7,2,1,60,120
750000000,2,1,2,166,36
1650000000,3,3,1,200,135
900000000,3,2,0,140,80
499000000,2,1,1,120,36
1600000000,4,3,2,118,140
1450000000,3,2,1,100,85
1500000000,4,3,2,204,100
1850000000,3,2,2,116,115
1600000000,4,4,2,126,130
2500000000,3,3,0,352,168
1670000000,4,2,2,162,120
4900000000,4,4,1,309,100
28000000000,6,3,3,998,1600
2360000000,4,3,1,182,135
2460000000,4,3,1,196,135
2400000000,4,3,1,187,136
1590000000,3,3,1,90,115
576000000,3,2,1,144,80
2540000000,4,3,1,200,135
300000000,1,1,0,52,95
3300000000,40,42,1,110,400
995000000,3,2,1,109,75
410000000,2,1,1,112,60
245000000,2,1,1,75,36
2400000000,4,3,1,403,220
1790000000,4,3,1,113,175
399000000,2,1,0,100,45
550000000,3,2,1,101,55
2400000000,3,2,1,121,140
410000000,2,1,1,80,42
2900000000,3,3,2,140,115
650000000,4,2,1,90,150
775000000,2,1,1,132,90
1000000000,6,6,2,131,115
999000000,3,3,1,103,100
7250000000,5,7,10,2770,700
1200000000,4,2,0,766,400
695000000,2,2,1,100,65
675000000,2,1,1,85,45
4250000000,3,3,6,425,150
725000000,3,2,2,114,71
815000000,2,2,1,75,50
455000000,2,1,1,83,45
1300000000,3,1,2,126,80
690000000,3,2,2,76,60
11000000000,4,3,0,340,280
575000000,3,2,1,98,115
4200000000,4,4,8,564,190
1850000000,3,2,1,126,115
580000000,3,2,0,90,65
3100000000,7,4,2,225,300
750000000,2,1,1,166,36
25000000000,9,9,3,429,1000
799000000,3,2,1,111,60
799000000,3,2,2,75,50
8900000000,7,6,8,1050,735
3990000000,13,11,10,235,475
950000000,4,4,1,90,62
800000000,3,2,1,101,60
4000000000,15,15,4,207,300
1700000000,10,10,3,100,200
392000000,2,1,1,80,36
1450000000,3,3,1,110,129
1300000000,10,6,3,236,180
4200000000,4,4,1,564,150
235000000,2,1,1,73,30
2400000000,10,10,3,175,280
1880000000,3,3,1,121,80
2660000000,3,3,2,153,160
320000000,2,1,1,94,36
1650000000,4,3,2,125,140
1990000000,3,3,1,172,100
1800000000,3,3,2,95,150
550000000,3,1,1,116,60
1700000000,3,4,1,151,120
1100000000,3,2,1,138,100
2200000000,5,4,2,114,150
750000000,3,2,2,130,60
237000000,2,1,1,60,28
1520000000,4,2,1,99,150
350000000,2,1,1,104,50
850000000,3,2,1,114,110
2950000000,4,3,0,213,185
895000000,3,2,2,91,76
1200000000,3,2,1,115,100
1270000000,3,2,1,130,100
817000000,2,2,1,103,76
4500000000,20,15,3,235,370
470000000,3,3,0,147,70
765000000,2,1,1,101,60
675000000,2,1,1,84,50
2200000000,4,4,2,150,235
725000000,3,2,1,100,70
800000000,3,2,1,120,80
884000000,4,2,2,104,60
3400000000,4,3,0,421,200
1250000000,2,2,2,125,150
500000000,2,2,1,80,55
500000000,3,2,1,108,70
3900000000,14,14,3,502,473
690000000,2,1,1,87,45
875000000,3,2,2,112,95
756000000,3,1,2,104,60
4500000000,5,2,7,503,300
1300000000,5,6,1,320,142
850000000,3,2,2,80,85
6500000000,9,6,0,2367,1000
1290000000,4,3,1,99,105
2700000000,3,2,2,267,180
6500000000,5,4,1,778,500
1780000000,4,3,2,118,160
1250000000,3,3,1,105,160
575000000,2,1,1,108,80
8900000000,17,17,7,550,435
775000000,2,2,0,118,100
575000000,3,2,1,101,80
785000000,3,2,1,115,60
2450000000,8,5,2,150,200
6000000000,34,8,0,1145,607
1850000000,4,3,1,147,120
8500000000,17,15,0,389,554
900000000,3,3,1,98,100
3500000000,14,5,0,203,250
2200000000,5,6,3,495,300
2800000000,7,3,2,140,195
4500000000,3,2,0,668,250
2800000000,4,4,2,154,230
1500000000,2,1,1,120,90
275000000,2,1,1,70,36
1700000000,6,5,0,162,170
6000000000,6,6,1,688,384
5200000000,12,12,3,525,500
305000000,2,1,0,66,45
310000000,2,1,0,72,45
315000000,2,1,0,45,75
312000000,2,1,0,45,72
375000000,2,1,1,82,46
2000000000,4,2,2,105,140
645000000,3,1,2,93,60
1280000000,3,3,2,134,85
270000000,2,1,1,61,30
1780000000,3,3,2,119,114
598000000,2,1,1,90,40
645000000,3,1,1,93,60
1820000000,3,2,1,140,158
2900000000,2,3,2,380,200
592000000,2,1,1,91,50
985000000,2,2,1,125,132
890000000,3,2,1,85,70
5000000000,8,7,6,1031,500
4750000000,5,5,0,419,252
1250000000,2,1,1,130,70
790000000,3,2,1,75,70
4200000000,5,4,2,230,208
250000000,2,1,0,76,36
600000000,3,1,1,167,130
6900000000,5,3,3,843,450
3800000000,3,3,1,199,206
407000000,2,1,0,80,45
297000000,2,1,1,75,45
400000000,2,1,1,90,50
1940000000,3,3,0,150,110
580000000,3,2,1,101,70
850000000,3,2,1,102,65
850000000,4,3,0,126,126
350000000,2,1,0,105,70
2120000000,4,4,2,120,150
808000000,3,2,2,85,45
690000000,3,2,2,78,60
1250000000,10,4,1,128,200
870000000,3,2,1,135,80
2600000000,4,3,2,150,190
300000000,2,1,0,74,42
2300000000,8,9,2,98,120
1600000000,4,2,0,125,125
1600000000,4,3,0,193,193
6500000000,5,5,0,455,650
1750000000,4,4,0,187,335
3500000000,4,3,0,728,426
299000000,2,1,1,74,74
3000000000,4,2,0,262,252
385000000,3,2,1,63,80
900000000,3,2,1,133,80
1300000000,3,3,1,135,85
280000000,2,1,1,88,36
1600000000,0,0,0,530,300
250000000,2,1,1,88,36
42000000000,5,4,0,1769,702
1750000000,3,2,1,131,160
4600000000,5,3,3,443,177
900000000,2,2,1,108,60
595000000,3,1,1,93,60
852000000,4,2,1,142,200
700000000,3,2,1,106,70
2300000000,8,8,2,98,120
1290000000,4,3,2,99,105
375000000,2,1,1,72,72
1470000000,4,4,2,178,131
462000000,1,1,0,201,100
1560000000,1,1,0,209,100
550000000,3,2,0,82,100
2500000000,3,2,1,123,150
495000000,3,1,1,141,60
475000000,2,1,0,90,50
5500000000,4,4,2,287,200
700000000,2,2,1,100,90
580000000,3,2,1,100,80
765000000,3,2,1,118,75
1880000000,3,2,2,150,110
500000000,3,1,0,97,55
278000000,2,1,2,72,36
495000000,2,1,1,107,36
900000000,4,2,1,140,140
1950000000,3,2,2,168,130
897000000,3,2,1,107,91
730000000,3,2,2,100,80
513000000,2,1,1,79,76
1980000000,3,3,0,150,110
990000000,3,3,1,103,100
278000000,2,1,2,71,36
600000000,1,1,1,225,225
695000000,0,0,0,94,64
900000000,2,2,1,133,80
850000000,2,2,1,106,62
600000000,3,2,1,123,105
2600000000,5,4,2,150,150
1700000000,4,3,2,110,114
1970000000,4,3,3,135,165
1750000000,8,4,2,176,340
1200000000,7,3,1,157,120
970000000,4,2,1,176,90
8900000000,5,5,4,1280,820
5900000000,4,4,4,1192,620
1600000000,5,5,0,131,200
5000000000,9,6,0,438,180
14000000000,13,13,6,1200,350
675000000,3,2,1,125,65
795000000,3,2,1,98,85
2350000000,10,10,4,103,255
2200000000,4,2,2,250,180
549000000,2,1,1,90,45
585000000,3,2,1,100,58
8000000000,11,6,4,618,388
500000000,2,2,1,120,45
1100000000,4,2,1,115,205
720000000,3,2,1,87,80
2300000000,4,3,2,160,150
399000000,2,2,1,100,50
1350000000,3,2,1,105,120
1500000000,0,0,0,976,250
1300000000,3,2,2,161,120
875000000,3,2,1,85,125
799000000,3,1,1,119,80
2200000000,11,11,0,133,182
1000000000,5,3,2,180,120
950000000,3,1,0,108,100
998000000,3,3,1,103,100
8000000000,7,4,6,1300,1000
1300000000,5,2,2,112,200
1300000000,5,4,2,150,200
302000000,3,2,1,121,60
480000000,3,1,1,98,50
1000000000,7,5,1,110,110
1500000000,3,4,2,151,161
2950000000,15,15,2,200,400
155000000,2,1,1,88,36
2100000000,3,2,1,223,200
591000000,2,1,1,84,40
1350000000,5,3,0,156,156
650000000,5,2,1,161,130
571000000,2,1,1,79,40
1380000000,3,2,1,103,100
325000000,2,1,1,70,36
337000000,2,1,1,74,36
331000000,2,1,1,72,36
2880000000,11,11,1,207,208
725000000,4,2,1,130,100
1350000000,3,2,1,100,103
520000000,2,1,1,90,50
7250000000,23,11,3,500,550
2400000000,4,3,1,187,135
950000000,3,2,1,175,120
1480000000,3,2,1,125,100
2200000000,10,10,2,122,190
1950000000,4,3,1,630,350
2550000000,4,4,0,175,130
7900000000,6,6,0,816,350
700000000,2,2,1,108,100
556000000,2,1,1,84,46
2530000000,4,4,2,175,130
898000000,3,2,1,90,65
8000000000,24,24,4,385,420
850000000,3,1,1,96,70
350000000,2,1,1,115,36
2970000000,5,2,1,143,232
1600000000,12,12,1,425,200
3800000000,5,3,1,472,130
2900000000,0,0,0,365,250
2250000000,4,2,2,138,151
2540000000,4,4,2,175,130
950000000,3,4,1,135,180
2300000000,3,3,2,204,178
525000000,2,1,1,126,36
499000000,2,1,1,141,56
1500000000,4,2,1,218,150
2110000000,3,2,1,110,107
3870000000,3,3,2,204,142
3230000000,3,3,2,153,135
1250000000,2,1,1,135,45
575000000,3,2,1,129,80
900000000,3,2,2,153,100
1900000000,5,4,2,158,120
1600000000,4,4,1,131,200
1900000000,5,6,2,166,150
7500000000,17,17,4,453,411
13000000000,3,1,0,838,400
3000000000,3,3,3,229,180
1100000000,3,2,1,187,150
1700000000,3,2,1,118,70
550000000,6,3,2,94,94
1100000000,2,1,1,110,70
2600000000,4,4,4,1112,400
25000000000,9,9,0,429,1000
1200000000,5,6,1,499,200
1420000000,5,4,1,144,250
575000000,3,2,1,100,80
730000000,3,2,1,100,80
590000000,2,1,1,98,45
3600000000,7,2,5,285,160
1350000000,4,3,1,115,190
725000000,3,2,1,87,70
2150000000,4,3,1,111,180
1800000000,4,4,1,128,200
895000000,3,1,1,157,69
1100000000,3,2,1,213,80
725000000,3,2,1,96,54
2500000000,4,3,1,215,200
1600000000,3,3,1,156,140
650000000,3,2,1,101,80
1600000000,3,3,1,122,200
2110000000,4,3,2,192,135
745000000,2,2,1,98,70
357000000,2,1,1,99,36
2140000000,4,3,2,196,135
1600000000,4,3,1,169,125
1900000000,3,3,0,128,188
756000000,3,1,1,108,60
2200000000,4,2,1,406,340
1800000000,3,3,2,128,110
1850000000,2,2,1,683,500
875000000,8,2,1,100,200
2040000000,4,3,2,182,135
1500000000,4,3,1,156,120
1400000000,3,2,1,174,150
6800000000,21,21,4,250,650
2080000000,4,3,2,186,135
5000000000,5,3,1,219,241
1600000000,4,2,1,127,150
3000000000,6,5,1,225,400
2300000000,4,4,0,140,200
755000000,2,1,1,101,60
2000000000,5,2,3,393,220
1800000000,10,4,4,123,240
2800000000,10,10,2,137,100
950000000,4,4,2,90,62
3100000000,7,4,0,225,300
1450000000,3,2,1,110,140
790000000,3,2,2,78,60
2200000000,6,4,5,976,250
990000000,2,2,1,109,75
950000000,5,5,2,110,170
690000000,3,2,0,77,60
808000000,3,2,2,79,70
800000000,3,2,1,140,80
3100000000,5,3,1,146,290
1700000000,3,2,0,135,95
205000000,1,1,1,60,23
475000000,3,2,1,101,70
500000000,2,1,1,97,55
299000000,2,1,1,88,36
585000000,3,1,1,111,55
1000000000,7,3,1,112,224
590000000,2,1,1,85,55
775000000,3,2,2,113,85
1250000000,7,3,0,329,280
2320000000,4,3,2,213,135
1400000000,3,2,4,205,80
800000000,4,2,1,107,165
950000000,3,2,1,150,90
750000000,3,2,2,81,70
2340000000,4,3,1,184,135
1700000000,3,2,1,118,140
1300000000,6,5,1,489,200
405000000,2,2,1,125,95
950000000,2,2,1,109,75
420000000,3,1,0,123,120
350000000,2,1,1,80,45
250000000,2,1,1,97,36
270000000,1,1,0,71,36
800000000,3,1,1,75,70
240000000,2,1,1,45,62
600000000,3,1,1,100,70
7700000000,4,3,2,289,600
20000000000,47,47,15,2085,2295
2800000000,5,4,1,429,225
790000000,3,2,1,113,70
295000000,2,1,1,125,36
475000000,2,1,1,75,55
780000000,3,2,1,115,60
1950000000,3,2,0,168,110
465000000,2,1,1,132,53
800000000,3,2,1,107,100
4700000000,4,3,1,334,250
750000000,3,2,1,130,60
2000000000,10,10,3,205,200
756000000,2,1,2,95,57
1850000000,3,2,2,116,110
835000000,3,2,1,102,65
961000000,3,3,2,107,80
875000000,3,2,1,107,70
2790000000,3,3,1,123,160
1700000000,4,3,2,200,190
1780000000,3,3,1,160,210
1550000000,3,2,1,126,90
2700000000,3,4,2,110,160
1300000000,3,2,1,135,120
1200000000,3,2,2,124,100
350000000,2,2,1,67,67
850000000,3,1,1,87,70
1900000000,4,3,0,130,130
999000000,3,3,2,103,100
4500000000,5,4,2,365,390
775000000,3,2,2,145,80
550000000,2,1,1,108,50
595000000,2,1,1,82,65
675000000,3,2,1,99,75
640000000,2,1,1,91,50
1100000000,4,2,1,154,160
4500000000,4,4,3,200,170
1470000000,4,3,2,178,131
4750000000,4,4,1,309,190
1950000000,3,2,1,168,130
1290000000,4,2,0,207,160
1490000000,5,4,2,126,170
4900000000,6,4,2,545,340
1100000000,2,2,1,112,85
3500000000,13,13,3,215,260
1000000000,3,2,1,128,90
515000000,2,1,1,95,45
2750000000,4,5,3,150,190
3490000000,5,4,2,426,400
730000000,3,2,0,100,80
850000000,8,6,3,139,125
1750000000,4,2,1,128,97
1300000000,4,3,1,96,180
775000000,2,1,1,136,100
3000000000,11,7,1,242,400
4500000000,2,3,4,348,430
675000000,2,1,1,128,100
1350000000,4,3,1,204,170
1970000000,5,6,3,160,180
850000000,3,3,1,98,99
350000000,3,2,1,54,80
1300000000,5,3,1,125,150
1250000000,3,2,1,105,160
410000000,2,1,1,75,45
665000000,3,2,1,114,90
1200000000,3,3,1,80,100
2200000000,5,3,4,241,350
2100000000,4,3,3,154,95
399000000,2,1,1,83,45
3000000000,5,3,1,466,275
665000000,3,1,2,97,65
615000000,4,2,1,102,60
575000000,3,2,1,104,80
2000000000,11,9,1,221,350
2000000000,3,3,1,125,169
1650000000,1,2,11,351,270
1650000000,4,3,1,125,185
1400000000,3,2,1,133,105
1300000000,3,2,2,174,200
3600000000,5,5,3,416,350
1650000000,2,2,2,135,115
1790000000,4,3,2,119,160
2700000000,8,8,2,97,185
1990000000,0,0,0,194,300
1300000000,3,2,1,131,78
2170000000,4,3,2,200,135
900000000,4,2,4,204,100
1470000000,4,3,1,146,146
685000000,3,2,2,120,77
2300000000,3,3,2,126,130
2750000000,4,4,2,150,190
825000000,3,2,1,102,120
825000000,3,2,1,125,79
1250000000,3,2,1,135,77
1800000000,3,2,1,112,152
950000000,0,0,0,72,80
1100000000,3,2,2,213,80
1700000000,4,5,1,111,180
640000000,2,1,1,95,50
2050000000,4,4,2,160,215
1950000000,3,2,1,170,130
235000000,2,1,1,70,30
1800000000,20,20,2,217,250
525000000,3,1,1,112,75
925000000,2,1,1,101,65
650000000,3,2,1,126,80
1900000000,4,4,1,110,170
10500000000,26,28,1,1000,970
575000000,3,3,1,80,120
975000000,3,2,1,128,100
435000000,2,1,1,101,45
550000000,3,2,1,123,62
4300000000,5,2,5,782,161
475000000,3,1,1,93,60
580000000,2,1,1,66,45
975000000,3,2,1,121,80
765000000,3,2,1,118,80
4500000000,3,3,8,584,150
675000000,2,1,1,121,45
4500000000,6,4,2,334,250
2350000000,3,2,1,213,147
2350000000,4,3,10,184,160
999000000,3,4,1,103,100
2500000000,4,3,4,957,200
1300000000,3,2,1,134,120
1500000000,3,2,1,148,120
1350000000,6,3,0,271,120
1250000000,3,2,1,200,120
1500000000,5,3,1,158,220
1100000000,3,2,1,160,120
592000000,2,1,1,104,50
2650000000,4,3,1,189,210
720000000,2,1,1,126,58
9500000000,4,3,2,1059,120
1900000000,5,5,4,166,150
500000000,2,1,1,88,55
1850000000,3,3,2,102,138
2750000000,2,3,8,579,150
3500000000,6,3,1,341,300
2000000000,3,2,1,167,130
695000000,3,2,1,88,80
5000000000,7,3,7,581,400
725000000,3,2,1,114,71
450000000,2,1,1,75,45
3300000000,5,5,1,254,200
16000000000,5,6,4,735,1000
1500000000,5,3,2,185,220
10000000000,22,22,1,405,900
670000000,3,2,1,136,80
950000000,11,3,1,100,190
980000000,6,6,1,100,150
1950000000,7,5,0,249,250
1950000000,11,11,2,150,160
1400000000,12,12,1,150,380
450000000,2,1,1,82,50
2300000000,11,11,0,562,350
4500000000,13,13,4,251,355
1450000000,6,7,4,150,120
5700000000,7,8,6,482,700
2390000000,3,3,2,110,70
3500000000,10,9,1,195,345
3600000000,12,12,0,119,255
12000000000,36,36,12,644,1330
1720000000,3,2,2,96,75
2500000000,10,10,0,561,461
900000000,16,5,0,170,180
6500000000,18,18,4,210,250
950000000,3,2,0,120,120
2800000000,3,2,1,129,163
1600000000,12,12,0,425,200
8100000000,30,30,5,288,760
1600000000,12,12,4,425,425
1800000000,3,3,2,100,118
850000000,2,1,1,125,52
533000000,2,1,1,127,36
910000000,4,2,0,106,160
2500000000,3,3,0,170,125
2750000000,5,5,0,226,166
2200000000,5,4,0,150,170
3200000000,4,2,0,186,200
3000000000,4,3,0,216,200
2800000000,6,6,0,144,252
2250000000,5,4,0,217,350
2360000000,4,3,2,182,135
2350000000,4,3,2,184,160
475000000,3,1,1,85,47
949000000,4,4,1,90,62
2000000000,6,4,0,363,210
2000000000,3,2,0,210,225
2000000000,4,3,0,134,162
2000000000,4,3,0,158,200
2000000000,6,5,0,288,243
1700000000,3,1,0,223,100
1750000000,4,3,0,163,220
1700000000,4,3,0,110,100
1600000000,3,2,0,104,160
1800000000,3,2,0,164,120
1600000000,3,3,1,146,120
750000000,3,2,1,102,70
999000000,4,4,1,103,100
1300000000,2,1,1,320,142
1480000000,2,1,1,93,50
6850000000,16,16,0,866,900
950000000,3,2,2,115,75
1500000000,3,2,1,112,80
690000000,3,1,1,138,138
1900000000,3,2,2,143,187
2400000000,5,5,2,123,170
255000000,2,1,1,73,36
1700000000,6,3,1,500,400
1100000000,3,3,1,112,103
1950000000,3,3,0,188,128
690000000,3,1,0,138,138
890000000,0,0,0,107,90
610000000,2,1,1,90,55
1950000000,3,2,1,128,188
615000000,3,1,1,167,130
3100000000,13,13,4,223,250
785000000,2,2,1,96,65
400000000,2,1,1,80,45
2800000000,3,3,2,105,138
5000000000,4,4,0,193,300
3200000000,4,3,1,143,180
1100000000,3,2,1,160,150
350000000,2,1,0,75,40
725000000,3,2,1,87,80
750000000,2,1,1,111,76
5300000000,7,4,3,369,262
4500000000,4,2,1,410,350
560000000,2,2,1,104,75
665000000,3,2,1,125,60
7700000000,4,3,0,289,600
680000000,2,1,1,68,48
595000000,3,1,1,90,60
1500000000,3,3,1,150,145
664000000,5,3,1,166,100
1690000000,3,3,2,150,121
750000000,3,1,1,103,61
475000000,2,1,1,104,60
5500000000,10,11,2,586,480
2500000000,4,4,0,339,300
3100000000,3,3,1,120,213
2480000000,4,3,1,196,136
8000000000,7,6,0,400,440
4650000000,5,4,0,180,220
4400000000,7,5,0,525,550
2500000000,6,3,0,393,200
2400000000,3,2,0,238,75
1900000000,5,1,0,250,210
1300000000,2,2,0,134,80
1300000000,4,3,0,144,200
850000000,2,1,0,105,50
1780000000,4,3,1,118,160
660000000,2,1,1,96,45
750000000,3,2,1,120,60
300000000,2,1,1,66,36
1450000000,3,3,1,100,100
750000000,3,2,1,125,78
395000000,2,1,1,72,38
593000000,2,1,1,76,50
1870000000,3,2,2,150,110
1490000000,5,3,1,115,156
2600000000,4,3,1,190,120
875000000,3,1,1,99,70
2600000000,3,2,1,200,190
3200000000,0,0,0,252,350
690000000,3,2,2,77,60
730000000,3,2,1,100,85
808000000,3,2,2,78,70
675000000,2,1,2,85,45
2250000000,10,10,2,230,190
750000000,3,1,1,61,103
850000000,2,1,1,90,70
1800000000,4,2,1,168,140
3500000000,4,2,1,280,80
1100000000,1,1,4,149,70
3500000000,12,12,1,119,255
850000000,3,2,1,107,80
2530000000,4,3,2,175,130
1450000000,4,3,2,125,100
1340000000,3,2,2,103,100
2560000000,5,4,2,179,130
1650000000,3,3,1,130,130
3500000000,13,13,1,215,260
5000000000,4,4,1,193,300
2700000000,4,3,1,213,135
775000000,3,2,1,145,70
685000000,3,2,2,120,75
1850000000,2,2,1,405,123
3200000000,5,4,3,225,155
775000000,3,2,2,145,70
750000000,3,2,2,114,80
195000000,1,1,1,60,23
195000000,2,1,1,60,23
9600000000,14,14,4,662,515
227000000,2,1,1,60,28
2430000000,4,3,1,196,135
2900000000,4,3,2,189,220
1450000000,3,3,2,105,90
1250000000,3,2,2,161,90
270000000,2,1,1,71,36
699000000,3,2,1,120,75
699000000,3,2,2,120,75
4750000000,5,5,2,267,340
379000000,2,1,1,94,36
12000000000,29,0,0,787,727
2250000000,4,3,2,183,135
735000000,3,2,1,105,70
270000000,1,1,1,71,36
705000000,3,2,1,120,75
4300000000,4,3,1,280,185
166000000,2,1,1,60,30
775000000,3,2,2,145,75
1350000000,3,3,1,106,90
425000000,2,1,1,107,55
425000000,2,2,1,107,55
6800000000,6,3,0,407,380
1370000000,4,3,2,183,168
4530000000,3,3,0,200,145
689000000,3,2,2,120,77
1500000000,3,3,1,125,200
450000000,2,1,1,83,50
2680000000,4,4,1,127,100
575000000,3,1,1,100,70
1800000000,4,5,2,500,140
435000000,2,1,1,90,45
4800000000,7,8,1,223,513
2660000000,13,3,1,532,412
2160000000,17,4,1,304,210
335000000,2,1,1,60,36
260000000,2,1,1,88,40
757000000,2,1,1,95,57
2500000000,3,3,1,247,172
850000000,2,2,1,98,105
930000000,4,5,1,211,180
650000000,3,2,1,98,75
760000000,4,2,1,132,90
1800000000,3,2,1,120,84
875000000,3,2,1,133,83
595000000,2,1,0,91,50
800000000,4,2,0,107,165
550000000,6,3,1,94,94
6900000000,4,3,2,843,450
2900000000,15,15,0,140,383
275000000,2,1,1,61,30
1500000000,5,4,1,144,250
899000000,3,4,1,100,98
630000000,3,2,1,104,64
2700000000,1,4,3,644,350
900000000,3,4,1,98,100
454000000,2,1,2,112,40
1940000000,3,3,2,102,138
430000000,2,1,2,68,45
4500000000,13,13,10,235,470
585000000,3,1,2,111,55
5000000000,4,4,2,193,300
3500000000,14,13,3,215,260
1790000000,3,2,1,108,110
665000000,3,2,1,120,60
900000000,3,2,0,128,120
500000000,3,2,1,104,80
580000000,2,1,2,98,45
1080000000,3,3,2,85,98
1700000000,4,3,0,200,190
890000000,5,2,2,142,110
890000000,5,2,1,142,110
945000000,3,2,1,145,85
945000000,3,2,3,145,85
550000000,4,2,1,116,85
2500000000,4,3,2,169,200
2200000000,5,2,4,255,280
875000000,4,2,2,139,120
1250000000,0,0,0,90,170
3900000000,5,3,2,203,280
1750000000,5,6,1,347,250
1200000000,3,3,2,101,1012
15500000000,22,22,0,895,500
850000000,3,1,1,99,70
1290000000,3,2,1,100,115
750000000,4,2,1,114,83
799000000,4,2,1,110,150
590000000,3,2,1,88,110
495000000,2,1,1,72,72
69000000,3,2,0,120,80
495000000,3,1,1,50,168
265000000,2,1,1,60,36
529000000,2,1,2,110,52
789000000,3,2,1,75,70
550000000,2,1,0,104,45
2600000000,4,5,3,150,190
2100000000,4,3,2,200,125
810000000,3,2,1,106,106
1650000000,3,3,2,230,67
650000000,3,1,0,114,58
690000000,3,2,1,97,70
565000000,3,1,0,152,70
1400000000,3,2,0,134,200
700000000,3,1,1,108,85
1400000000,2,1,0,121,120
650000000,2,1,0,84,89
2250000000,5,2,0,732,277
550000000,6,3,0,92,92
2400000000,4,3,1,182,2408150000
954000000,2,1,1,115,50
397000000,2,1,2,101,42
1300000000,3,3,0,407,250
1200000000,3,3,1,90,107
1650000000,3,2,2,154,110
550000000,6,3,0,94,94
325000000,2,1,1,74,50
475000000,2,1,1,78,36
650000000,2,1,1,85,48
455000000,2,1,1,45,83
795000000,3,2,2,141,130
12000000000,49,49,0,926,200
1300000000,3,3,1,77,130
2130000000,3,2,1,111,107
4490000000,3,3,2,260,142
3370000000,3,3,3,166,135
2390000000,4,4,2,110,70
685000000,3,2,1,100,70
3300000000,3,2,2,148,135
885000000,4,2,2,142,110
1720000000,3,2,2,93,75
260000000,2,1,2,71,36
885000000,4,2,0,142,110
255000000,1,2,1,62,40
195000000,1,1,1,60,28
80000000,3,2,1,84,84
790000000,3,2,2,77,60
585000000,2,1,1,80,55
1700000000,3,3,1,96,70
1500000000,5,3,2,115,156
280000000,2,1,1,100,100
4100000000,2,2,8,1640,300
350000000,2,1,2,103,50
2970000000,12,12,2,210,250
1450000000,2,2,2,72,84
480000000,3,1,2,98,50
2200000000,3,3,2,139,125
1800000000,3,2,2,150,110
850000000,3,2,1,100,80
5500000000,4,3,1,210,300
1820000000,3,3,1,110,129
1390000000,3,2,1,103,90
1350000000,3,2,1,103,100
495000000,3,1,3,168,50
1450000000,3,2,0,92,97
2230000000,4,3,1,186,125
2190000000,4,3,1,182,125
2290000000,4,3,1,196,125
2260000000,4,3,1,192,125
2320000000,4,3,1,200,125
3080000000,10,10,1,179,211
750000000,1,2,1,118,90
260000000,2,1,0,71,36
350000000,1,1,1,71,36
1480000000,3,2,2,125,100
4200000000,8,4,0,1100,500
1400000000,4,4,2,428,140
3700000000,12,3,1,305,250
411000000,2,1,1,85,36
850000000,3,3,2,70,70
870000000,3,2,1,89,76
350000000,2,1,1,81,45
1600000000,4,2,1,109,190
1940000000,3,3,1,138,102
595000000,3,1,2,93,60
385000000,2,1,1,107,36
610000000,3,1,1,167,130
200000000,2,1,1,88,36
3550000000,5,5,1,334,135
395000000,2,1,1,75,45
370000000,2,1,1,94,36
255000000,2,1,0,71,36
2500000000,0,0,0,450,200
600000000,2,2,1,120,53
6000000000,3,5,15,4222,450
500000000,2,2,1,112,48
550000000,2,1,1,102,45
2700000000,3,4,1,110,160
2990000000,4,4,1,200,210
3200000000,4,4,2,204,200
445000000,3,2,1,83,50
162000000,2,1,1,60,30
299000000,2,1,1,66,36
3500000000,5,4,4,430,350
5500000000,4,5,2,193,300
6500000000,8,5,0,2367,1000
4500000000,0,0,0,282,500
550000000,3,2,1,95,70
3500000000,5,3,2,430,530
1470000000,4,3,1,178,131
1490000000,4,3,1,126,170
498000000,3,2,1,90,65
775000000,3,2,1,145,80
1750000000,0,0,0,162,160
835000000,3,1,1,93,75
2500000000,4,3,2,123,200
2750000000,4,4,1,150,190
3090000000,4,3,1,279,299
4000000000,4,3,1,184,300
1150000000,2,1,1,93,65
1500000000,10,10,1,100,150
3900000000,11,11,7,321,450
5950000000,6,4,2,355,376
450000000,5,2,1,72,70
990000000,3,2,1,120,120
5500000000,4,4,1,193,300
4000000000,0,0,0,203,280
1650000000,3,2,1,301,250
1450000000,5,3,2,125,156
550000000,2,1,1,100,50
7800000000,5,4,2,400,440
835000000,3,1,1,95,75
410000000,2,1,1,88,50
689000000,3,2,1,120,75
1170000000,3,2,1,115,90
765000000,3,2,1,145,85
1970000000,5,6,3,166,180
1940000000,3,2,2,150,110
1380000000,3,2,2,107,100
875000000,3,2,1,107,5070
585000000,3,2,1,81,81
825000000,3,2,1,120,80
760000000,3,2,1,107,100
685000000,3,2,1,98,75
475000000,2,1,1,90,50
5950000000,6,3,2,355,376
275000000,2,1,1,71,36
550000000,2,1,0,125,45
3900000000,11,11,2,321,450
699000000,3,1,1,99,60
555000000,3,2,2,105,65
680000000,3,1,1,97,65
5300000000,7,4,1,369,262
765000000,3,2,0,118,80
756000000,3,2,2,104,60
519000000,2,1,1,90,50
945000000,3,2,1,137,100
3800000000,13,11,6,235,465
2280000000,4,3,2,182,135
495000000,2,1,1,45,85
2980000000,11,11,1,179,211
475000000,2,1,1,80,45
1600000000,4,4,1,530,130
2880000000,11,11,1,208,207
2000000000,6,5,2,254,300
1270000000,3,2,1,91,100
260000000,2,1,2,72,36
1270000000,3,2,1,91,103
1270000000,3,3,1,91,100
255000000,2,1,1,71,36
3500000000,6,5,1,220,250
3500000000,2,3,1,302,302
3100000000,7,7,2,335,191
775000000,3,2,2,136,90
825000000,3,2,1,163,90
2300000000,4,3,0,130,220
775000000,2,2,1,118,100
4200000000,3,4,0,564,190
2300000000,4,3,0,120,220
357000000,2,1,1,132,36
470000000,2,1,1,120,40
280000000,2,1,1,80,32
490000000,2,1,1,84,45
765000000,3,1,2,118,80
475000000,2,1,0,73,60
470000000,2,1,1,90,53
1000000000,3,4,2,135,180
275000000,2,1,0,129,50
407000000,2,1,1,108,42
1100000000,2,1,0,165,100
1500000000,6,4,0,138,138
875000000,5,3,1,91,95
875000000,3,2,1,85,70
875000000,3,1,1,90,64
680000000,2,2,2,91,51
845000000,3,2,1,164,90
440000000,2,1,1,88,50
3000000000,12,5,1,459,226
2000000000,3,3,0,125,180
550000000,3,1,3,60,101
1250000000,3,2,2,180,90
559000000,2,1,1,84,46
550000000,2,1,1,85,45
1950000000,0,0,0,116,115
675000000,2,2,1,82,160
1600000000,3,3,1,92,97
450000000,2,1,1,75,50
485000000,2,1,1,75,50
5120000000,7,5,0,569,241
849000000,3,2,1,111,60
415000000,2,1,1,77,45
1400000000,4,4,1,428,140
545000000,2,1,1,85,45
5280000000,4,4,2,268,178
698000000,2,1,1,106,55
650000000,3,1,0,100,10
850000000,2,1,0,125,52
9000000000,31,31,0,547,900
1420000000,5,4,0,144,250
560000000,3,1,1,82,45
450000000,2,2,1,54,103
480000000,2,1,1,108,42
2500000000,5,3,1,123,200
2530000000,5,4,0,178,130
575000000,2,2,1,100,80
756000000,3,2,1,110,70
765000000,3,2,0,103,70
2000000000,3,2,0,120,100
650000000,3,2,1,75,70
961000000,3,3,1,107,80
800000000,3,2,1,154,60
756000000,3,1,2,95,57
775000000,3,2,1,113,85
689000000,3,2,2,120,75
875000000,4,2,1,122,110
880000000,3,2,1,104,100
775000000,2,1,1,80,50
449000000,2,1,1,82,45
1350000000,3,3,2,100,90
1150000000,3,2,1,130,90
1400000000,8,4,2,90,90
4500000000,15,5,8,495,495
4500000000,5,4,8,535,430
14000000000,7,6,4,970,600
550000000,3,2,1,88,45
450000000,2,1,1,81,36
580000000,3,2,1,126,75
2200000000,3,3,1,135,125
1950000000,3,3,1,128,118
1790000000,4,3,1,119,160
2500000000,4,3,1,123,200
1500000000,5,4,1,121,170
765000000,3,2,1,120,82
2300000000,10,11,1,121,162
850000000,3,2,1,98,100
594000000,2,1,1,79,40
1350000000,3,1,0,103,100
645000000,3,2,1,93,60
1850000000,3,3,2,150,110
1500000000,3,2,0,135,75
1300000000,2,1,0,135,130
1350000000,5,3,0,99,198
1500000000,5,4,0,132,250
1300000000,5,3,0,122,170
1250000000,3,2,0,133,120
1300000000,5,2,0,170,200
1400000000,3,2,0,113,120
1300000000,5,3,0,150,220
1100000000,2,1,0,150,66
1290000000,4,3,0,109,100
850000000,2,1,0,265,150
260000000,2,1,0,72,36
6800000000,8,5,1,447,350
1100000000,3,1,2,110,85
1300000000,3,2,1,140,114
889000000,3,2,1,85,70
650000000,2,1,1,108,45
1970000000,5,6,4,166,180
1970000000,5,6,4,166,150
1970000000,5,6,0,166,150
674000000,3,2,2,125,65
2200000000,4,3,0,1045,55
825000000,3,2,0,163,90
2800000000,5,4,1,181,197
1250000000,4,3,2,99,105
2200000000,10,10,1,230,190
2990000000,4,4,1,110,146
725000000,2,1,1,114,71
558000000,3,2,1,73,48
3370000000,3,3,2,166,135
698000000,3,2,2,120,75
2240000000,10,10,2,230,190
1850000000,5,3,0,122,180
950000000,3,2,1,141,150
747000000,3,2,1,62,119
667000000,2,1,0,100,47
1770000000,3,3,1,157,189
850000000,3,2,1,107,70
884000000,4,2,2,142,110
130000000,6,2,0,320,140
2210000000,10,10,0,230,190
1920000000,3,3,2,150,110
1310000000,4,2,1,101,110
328000000,2,1,0,71,36
2100000000,3,3,1,120,185
550000000,3,1,0,104,100
3800000000,13,12,1,235,465
715000000,2,2,1,92,55
4950000000,5,6,5,748,770
1600000000,5,4,2,143,200
920000000,3,3,1,107,121
1650000000,3,3,2,130,130
2360000000,4,3,1,141,120
3900000000,4,4,3,450,330
260000000,2,1,1,70,32
335000000,2,1,1,75,45
775000000,3,2,2,80,78
885000000,4,2,2,145,110
757000000,2,1,1,95,60
5300000000,7,4,0,369,262
750000000,2,2,1,100,74
1790000000,4,5,3,140,500
4800000000,5,4,0,386,144
900000000,3,2,0,207,150
3900000000,8,5,1,221,405
1350000000,3,3,2,106,90
8200000000,30,31,7,288,800
2350000000,3,4,2,130,155
1600000000,3,3,1,97,97
475000000,3,2,0,101,70
535000000,3,2,0,100,60
465000000,3,1,2,147,54
465000000,3,1,1,147,54
155000000,2,1,0,88,36
593000000,0,0,0,91,36
1500000000,3,2,2,112,130
295000000,1,1,1,107,25
1500000000,4,3,2,120,150
7700000000,6,5,1,336,864
4800000000,20,15,2,300,600
495000000,2,1,0,107,43
2400000000,3,3,0,199,120
1700000000,5,4,0,148,180
1850000000,4,4,0,220,250
6500000000,8,5,0,816,630
5900000000,7,3,0,522,250
1100000000,3,2,1,180,120
4250000000,6,4,1,175,248
2000000000,8,4,2,165,250
520000000,3,1,1,85,45
650000000,3,2,1,96,60
1300000000,4,2,0,181,150
900000000,4,5,1,95,110
580000000,2,1,1,151,54
1300000000,0,0,0,407,250
345000000,2,1,1,80,36
1500000000,2,2,0,195,85
720000000,2,1,2,91,50
2300000000,4,4,2,182,135
4000000000,13,12,2,235,470
250000000,2,1,0,60,30
666000000,2,1,1,87,55
2200000000,2,2,0,174,100
1470000000,3,3,1,178,131
399000000,2,1,1,90,36
2000000000,5,3,1,1200,300
1800000000,3,3,0,333,250
5250000000,5,4,2,448,355
3000000000,4,4,1,243,250
4000000000,3,3,0,183,104
1770000000,3,3,1,121,150
315000000,2,1,1,36,100
4850000000,4,5,2,222,280
750000000,3,2,2,185,77
535000000,3,2,1,100,60
2600000000,14,5,0,203,250
1950000000,3,4,1,128,188
592000000,2,1,1,90,36
1900000000,4,2,0,432,210
1950000000,4,2,0,665,125
1260000000,3,3,2,103,90
3000000000,3,3,0,200,145
1900000000,14,4,0,329,403
850000000,3,2,1,112,95
4000000000,10,7,1,985,600
1970000000,5,6,2,166,180
1650000000,4,3,2,103,160
890000000,3,2,1,85,45
1270000000,3,2,2,91,100
725000000,3,2,1,71,114
1900000000,2,1,0,180,66
1700000000,3,3,2,100,135
1400000000,3,1,0,120,90
2150000000,15,5,0,238,300
1450000000,3,2,2,80,100
735000000,3,2,1,70,105
820000000,3,2,1,109,70
999000000,3,3,1,100,103
2500000000,9,9,1,150,200
3500000000,15,13,4,342,300
789000000,2,1,1,93,45
775000000,3,2,2,132,90
1850000000,4,3,1,149,220
699000000,3,2,2,117,85
999000000,3,2,2,137,100
1820000000,3,3,1,140,158
689000000,13,11,2,235,470
668000000,3,2,2,120,75
599000000,2,1,1,90,40
1850000000,3,3,4,329,280
2490000000,3,3,2,123,200
6500000000,5,5,5,717,500
750000000,2,2,0,99,60
849000000,3,2,2,120,85
595000000,3,1,2,103,50
4500000000,15,5,0,448,350
1400000000,4,2,0,150,200
3300000000,20,8,0,275,1000
1540000000,4,4,2,120,200
1650000000,4,3,1,113,200
2100000000,10,11,1,121,162
1450000000,3,2,2,100,85
10000000000,5,5,2,497,258
450000000,2,1,2,103,45
42100000000,6,2,0,4213,500
895000000,3,2,1,85,70
14000000000,2,2,0,990,300
2290000000,3,2,2,130,90
1250000000,3,3,1,110,110
562000000,2,1,1,53,92
11000000000,15,3,0,580,400
8000000000,16,3,0,385,770
700000000,2,1,1,94,45
2300000000,3,3,0,123,160
3800000000,40,40,1,110,400
1900000000,2,1,1,198,190
1250000000,4,3,1,108,180
675000000,3,2,1,108,60
1200000000,3,2,1,436,127
1250000000,5,3,0,145,220
1900000000,4,2,2,162,120
3500000000,3,3,1,728,426
2000000000,3,5,1,158,200
1980000000,5,3,2,175,180
3100000000,4,4,3,701,425
3500000000,2,3,0,338,275
1470000000,3,2,1,175,150
4200000000,4,4,3,300,290
2950000000,12,12,2,139,250
5300000000,30,30,1,427,620
7700000000,4,3,4,289,600
3500000000,7,4,3,190,380
4000000000,10,10,3,273,400
850000000,2,1,0,143,70
430000000,2,1,2,81,36
500000000,2,1,1,80,45
350000000,2,1,1,75,40
345000000,2,1,1,106,47
349000000,2,1,1,74,40
298000000,2,1,1,61,40
1520000000,4,2,2,99,150
1500000000,5,3,1,135,220
520000000,2,1,0,90,50
1700000000,5,3,1,144,200
3200000000,4,4,1,204,200
1700000000,2,1,0,114,114
1950000000,5,6,3,166,150
487000000,3,1,1,95,61
999000000,3,1,1,145,120
480000000,3,1,1,92,59
2600000000,3,2,0,126,160
532000000,3,1,2,91,53
555000000,3,1,2,114,53
835000000,3,2,0,102,65
530000000,3,1,2,90,53
2500000000,4,4,1,265,210
4900000000,4,3,1,300,265
365000000,2,1,1,100,45
685000000,3,2,1,120,77
750000000,3,2,1,120,85
500000000,2,2,1,90,45
900000000,3,2,2,195,90
2500000000,4,3,2,291,155
2500000000,4,3,0,123,200
750000000,3,2,2,141,200
700000000,3,1,1,110,64
375000000,2,1,0,72,72
450000000,2,1,2,97,50
545000000,3,1,2,117,60
920000000,3,3,1,105,121
290000000,2,1,1,70,4
2200000000,3,3,0,150,170
1500000000,0,0,0,158,250
1500000000,3,4,1,150,160
900000000,16,5,1,171,180
1200000000,3,3,2,100,110
4500000000,4,4,8,564,190
850000000,6,3,3,835,600
960000000,3,3,2,107,80
5000000000,5,5,2,277,249
7000000,5,5,10,2769,500
1200000000,3,2,1,130,93
1790000000,10,10,3,205,200
2950000000,12,12,1,200,400
2100000000,10,11,2,121,162
783000000,3,2,0,79,75
10000000000,5,2,0,323,150
1700000000,4,2,2,144,200
3300000000,3,2,1,148,135
10000000000,4,3,3,323,120
600000000,3,1,1,109,80
2450000000,4,4,0,175,125
1100000000,3,1,2,145,100
1800000000,8,8,2,112,150
1100000000,3,2,1,150,120
2500000000,2,1,1,209,65
5500000000,4,4,2,192,300
1400000000,3,4,1,150,160
4500000000,12,8,8,650,1000
885000000,2,2,2,156,120
1780000000,4,3,2,120,160
885000000,2,2,1,156,120
4700000000,4,3,0,334,250
1400000000,3,4,2,150,160
315000000,1,1,1,88,36
2520000000,5,4,0,177,130
1490000000,5,4,1,126,170
2850000000,5,2,0,290,84
3250000000,3,2,0,500,80
750000000,2,1,0,144,60
315000000,2,1,1,88,36
2230000000,10,10,2,230,190
1000000000,2,1,1,96,54
8490000000,8,5,2,364,500
680000000,3,1,1,97,60
3200000000,5,4,0,229,155
950000000,0,0,0,181,160
1890000000,3,3,2,150,110
295000000,2,1,1,36,64
1970000000,3,3,2,137,140
743000000,3,2,2,81,75
610000000,2,1,1,89,40
580000000,2,1,1,81,40
565000000,2,1,1,76,40
850000000,2,1,1,93,80
622000000,2,1,1,115,50
485000000,3,1,1,91,55
2600000000,3,3,1,135,200
6700000000,7,4,2,530,351
7700000000,4,3,1,336,864
287000000,2,1,1,72,36
327000000,2,1,1,84,36
290000000,2,1,1,74,36
287000000,2,1,1,71,36
278000000,2,1,1,71,36
1250000000,4,3,0,168,200
2200000000,3,3,1,125,139
645000000,3,1,0,93,60
1780000000,5,3,1,120,160
3700000000,4,4,0,305,270
753000000,3,2,2,84,75
2000000000,5,3,1,133,133
1500000000,4,2,1,150,145
2200000000,3,3,1,119,114
395000000,2,1,1,36,80
395000000,2,1,1,77,45
2000000000,3,2,1,200,185
5000000000,4,2,0,4,300
747000000,3,2,2,89,75
530000000,2,1,1,90,50
559000000,2,1,1,85,46
2900000000,3,2,1,185,80
737000000,3,2,2,79,75
728000000,2,1,1,105,65
562000000,2,1,1,92,53
1850000000,4,4,3,513,250
7000000000,4,4,2,527,400
775000000,3,2,1,132,90
743000000,2,0,0,81,75
970000000,3,1,1,145,130
1970000000,5,6,2,166,150
450000000,2,1,1,101,36
1800000000,3,2,2,112,152
835000000,3,1,2,92,75
1200000000,3,3,2,100,80
549000000,3,1,1,83,52
650000000,3,2,1,103,60
1100000000,3,1,1,142,120
2000000000,4,3,2,182,135
2500000000,5,3,1,241,350
895000000,3,2,1,112,70
2300000000,4,3,2,182,135
1800000000,4,5,0,500,140
500000000,3,2,2,104,80
750000000,2,1,1,89,60
756000000,2,1,2,140,60
2300000000,4,3,1,200,180
